time,ax,ay,az,atotal
0.000,0.05,-0.05,-0.04,0.08
0.010,0.03,-0.04,0.02,0.05
0.020,0.00,-0.07,0.11,0.13
0.030,0.02,-0.13,0.11,0.17
0.040,0.05,-0.15,0.05,0.17
0.050,0.10,-0.10,0.03,0.15
0.061,0.13,-0.05,0.00,0.14
0.071,0.15,0.01,-0.03,0.15
0.081,0.11,0.06,-0.06,0.14
0.091,0.08,0.09,-0.06,0.13
0.101,0.06,0.08,-0.02,0.10
0.111,0.02,-0.02,-0.02,0.03
0.121,-0.04,-0.10,-0.01,0.10
0.131,-0.05,-0.15,0.01,0.16
0.141,0.23,0.17,0.05,0.29
0.151,0.79,0.97,-0.19,1.27
0.161,-0.19,-0.26,-0.12,0.35
0.171,-0.06,-0.40,0.10,0.41
0.181,0.08,-0.21,0.14,0.27
0.191,0.11,-0.05,0.09,0.15
0.201,0.17,0.03,0.04,0.17
0.211,0.15,-0.03,-0.03,0.15
0.221,0.12,-0.04,0.02,0.12
0.231,0.17,0.00,0.04,0.17
0.241,0.18,0.03,0.03,0.18
0.252,0.21,0.04,0.08,0.23
0.262,0.19,-0.05,0.07,0.21
0.272,0.14,-0.10,0.08,0.19
0.282,0.14,-0.11,0.07,0.19
0.292,0.17,-0.03,0.07,0.19
0.302,0.16,0.01,0.02,0.16
0.312,0.13,-0.00,0.00,0.13
0.322,0.11,-0.05,0.05,0.13
0.332,0.09,0.00,0.06,0.11
0.342,0.06,-0.07,0.05,0.11
0.352,-0.06,-0.04,0.06,0.09
0.362,-0.14,-0.15,0.09,0.22
0.372,-0.08,-0.06,0.13,0.16
0.382,-0.08,-0.03,0.13,0.15
0.392,-0.07,-0.07,0.14,0.18
0.402,0.02,-0.11,0.17,0.21
0.412,0.05,-0.09,0.16,0.19
0.422,0.06,-0.06,0.13,0.16
0.432,0.07,0.02,0.10,0.13
0.443,0.03,0.03,0.04,0.05
0.453,-0.04,-0.02,0.05,0.07
0.463,-0.08,-0.02,0.04,0.10
0.473,-0.09,-0.07,0.07,0.13
0.483,-0.08,-0.13,0.17,0.23
0.493,0.06,-0.20,0.27,0.34
0.503,0.20,-0.22,0.31,0.43
0.513,0.27,-0.13,0.24,0.38
0.523,0.30,-0.05,0.17,0.35
0.533,0.27,0.02,0.12,0.30
0.543,0.19,0.06,0.04,0.20
0.553,0.08,0.04,-0.00,0.09
0.563,0.06,-0.04,0.06,0.10
0.573,0.05,-0.12,0.13,0.19
0.583,0.09,-0.18,0.20,0.29
0.593,0.18,-0.20,0.25,0.37
0.603,0.29,-0.15,0.22,0.39
0.613,0.38,-0.10,0.13,0.41
0.624,0.36,-0.05,0.02,0.37
0.634,0.31,0.04,-0.08,0.32
0.644,0.25,0.10,-0.12,0.30
0.654,0.16,0.11,-0.14,0.24
0.664,0.11,0.09,-0.13,0.19
0.674,0.10,0.07,-0.07,0.14
0.684,0.11,0.04,-0.02,0.12
0.694,0.12,-0.02,0.05,0.13
0.704,0.13,-0.04,0.14,0.20
0.714,0.19,0.00,0.17,0.25
0.724,0.23,0.03,0.09,0.25
0.734,0.23,0.04,0.01,0.23
0.744,0.15,-0.01,-0.01,0.15
0.754,0.09,-0.03,-0.05,0.11
0.764,0.04,-0.00,-0.08,0.09
0.774,0.02,0.01,-0.05,0.05
0.784,0.02,-0.00,-0.04,0.05
0.795,-0.01,0.00,-0.06,0.06
0.805,-0.04,0.01,-0.07,0.08
0.815,-0.05,0.01,-0.10,0.11
0.825,-0.11,0.01,-0.09,0.14
0.835,-0.09,-0.00,-0.07,0.11
0.845,-0.02,-0.01,-0.03,0.04
0.855,0.04,-0.03,0.04,0.07
0.865,0.07,-0.03,0.06,0.10
0.875,0.11,-0.00,0.05,0.12
0.885,0.14,0.02,-0.00,0.14
0.895,0.15,0.03,-0.05,0.16
0.905,0.11,0.02,-0.10,0.15
0.915,0.11,0.01,-0.06,0.12
0.925,0.10,-0.01,-0.00,0.10
0.935,0.15,-0.06,0.02,0.17
0.945,0.19,-0.07,0.03,0.21
0.956,0.19,-0.06,-0.01,0.20
0.966,0.21,0.00,0.02,0.22
0.976,0.21,0.01,0.03,0.21
0.986,0.20,-0.02,0.08,0.21
0.996,0.17,-0.05,0.10,0.20
1.006,0.14,-0.08,0.08,0.18
1.016,0.13,-0.10,0.07,0.18
1.026,0.12,-0.07,0.03,0.14
1.036,0.15,-0.05,0.05,0.16
1.046,0.15,-0.01,0.03,0.15
1.056,0.13,0.01,0.00,0.13
1.066,0.11,0.04,-0.00,0.12
1.076,0.12,0.04,0.01,0.13
1.086,0.13,0.03,0.01,0.14
1.096,0.18,0.02,0.02,0.18
1.106,0.20,-0.00,-0.01,0.20
1.116,0.23,-0.07,0.02,0.24
1.126,0.24,-0.19,0.06,0.31
1.137,0.20,-0.20,0.01,0.28
1.147,0.16,-0.11,0.02,0.20
1.157,0.11,-0.03,0.05,0.12
1.167,0.08,0.01,0.04,0.09
1.177,0.07,0.05,-0.02,0.09
1.187,0.09,0.07,-0.05,0.13
1.197,0.15,0.11,-0.07,0.19
1.207,0.18,0.12,-0.07,0.23
1.217,0.22,0.07,-0.13,0.27
1.227,0.17,-0.04,-0.13,0.22
1.237,0.14,-0.13,-0.07,0.21
1.247,0.12,-0.14,-0.03,0.19
1.257,0.11,-0.09,-0.01,0.15
1.267,0.11,-0.06,0.01,0.12
1.277,0.13,-0.02,0.02,0.14
1.287,0.14,0.01,0.02,0.14
1.297,0.14,0.06,0.02,0.16
1.307,0.14,0.10,-0.00,0.17
1.318,0.16,0.08,0.01,0.18
1.328,0.18,0.01,0.04,0.18
1.338,0.18,-0.10,0.09,0.23
1.348,0.18,-0.14,0.10,0.25
1.358,0.14,-0.07,0.06,0.17
1.368,0.08,-0.01,-0.00,0.09
1.378,0.02,0.03,-0.04,0.05
1.388,-0.02,0.01,-0.05,0.06
1.398,-0.05,-0.05,-0.02,0.08
1.408,-0.02,-0.04,0.02,0.05
1.418,0.06,-0.00,0.03,0.07
1.428,0.15,0.04,0.05,0.16
1.438,0.24,0.05,0.03,0.24
1.448,0.28,0.02,0.00,0.29
1.458,0.30,-0.07,0.01,0.31
1.468,0.25,-0.18,0.01,0.31
1.479,0.22,-0.16,-0.01,0.27
1.489,0.20,-0.10,0.01,0.22
1.499,0.14,-0.03,0.03,0.14
1.509,0.11,0.01,0.02,0.11
1.519,0.11,0.08,0.01,0.14
1.529,0.17,0.11,-0.02,0.21
1.539,0.22,0.12,-0.03,0.25
1.549,0.24,0.07,-0.05,0.26
1.559,0.25,-0.03,-0.03,0.26
1.569,0.24,-0.12,-0.03,0.27
1.579,0.20,-0.13,-0.04,0.24
1.589,0.21,-0.08,-0.07,0.24
1.599,0.26,-0.02,-0.07,0.27
1.609,0.35,0.05,-0.07,0.36
1.619,0.41,0.14,-0.08,0.44
1.629,0.44,0.16,-0.08,0.48
1.639,0.40,0.16,-0.10,0.44
1.649,0.31,0.16,-0.09,0.36
1.660,0.23,0.17,-0.05,0.29
1.669,0.23,0.08,-0.04,0.24
1.680,0.28,-0.06,-0.05,0.29
1.690,0.34,-0.10,-0.04,0.35
1.700,0.35,-0.11,-0.02,0.37
1.710,0.31,-0.08,-0.01,0.32
1.720,0.28,-0.03,-0.01,0.28
1.730,0.30,0.03,-0.07,0.31
1.740,0.25,0.05,-0.14,0.29
1.750,0.20,0.04,-0.16,0.26
1.760,0.20,0.04,-0.15,0.26
1.770,0.15,0.02,-0.13,0.19
1.780,0.08,0.00,-0.09,0.12
1.790,0.05,-0.03,-0.05,0.07
1.800,0.04,-0.06,-0.01,0.07
1.810,0.06,-0.10,-0.02,0.11
1.821,0.04,-0.06,-0.10,0.13
1.831,0.04,0.03,-0.22,0.22
1.841,0.07,0.11,-0.28,0.31
1.851,0.09,0.19,-0.32,0.38
1.861,0.10,0.20,-0.34,0.41
1.871,0.10,0.15,-0.33,0.38
1.881,0.11,0.11,-0.30,0.33
1.891,0.13,0.12,-0.27,0.33
1.901,0.13,0.12,-0.23,0.29
1.911,0.16,0.10,-0.20,0.27
1.921,0.23,0.02,-0.15,0.27
1.931,0.30,-0.05,-0.13,0.33
1.941,0.33,-0.11,-0.15,0.38
1.951,0.34,-0.16,-0.16,0.42
1.961,0.33,-0.22,-0.15,0.42
1.971,0.26,-0.29,-0.15,0.42
1.981,0.16,-0.32,-0.25,0.43
1.992,0.05,-0.33,-0.37,0.50
2.002,-0.08,-0.30,-0.41,0.51
2.012,-0.13,-0.22,-0.38,0.46
2.022,-0.21,-0.18,-0.28,0.40
2.032,-0.28,-0.20,-0.23,0.42
2.042,-0.32,-0.28,-0.29,0.51
2.052,-0.34,-0.41,-0.41,0.67
2.062,-0.32,-0.49,-0.51,0.78
2.072,-0.29,-0.51,-0.49,0.76
2.082,-0.21,-0.43,-0.35,0.60
2.092,-0.05,-0.22,-0.16,0.28
2.102,0.19,-0.05,-0.04,0.20
2.112,0.44,0.10,0.10,0.46
2.122,0.54,0.27,0.30,0.67
2.132,0.50,0.39,0.35,0.72
2.142,0.43,0.51,0.20,0.70
2.152,0.42,0.59,0.30,0.78
2.162,0.38,0.58,0.51,0.86
2.173,0.34,0.49,0.63,0.87
2.183,0.41,0.42,0.49,0.76
2.192,0.52,0.37,0.40,0.76
2.203,0.51,0.40,0.50,0.82
2.213,0.52,0.53,0.60,0.96
2.223,0.58,0.71,0.79,1.21
2.233,0.62,0.66,0.87,1.25
2.243,0.65,0.49,0.80,1.15
2.253,0.63,0.35,0.56,0.92
2.263,0.54,0.22,0.49,0.77
2.273,0.44,0.03,0.48,0.65
2.283,0.39,-0.14,0.46,0.62
2.293,0.21,-0.21,0.49,0.57
2.303,-0.02,-0.17,0.49,0.52
2.313,-0.20,-0.08,0.42,0.47
2.323,-0.29,-0.05,0.32,0.43
2.333,-0.31,-0.14,0.24,0.42
2.344,-0.37,-0.29,0.22,0.52
2.354,-0.43,-0.46,0.25,0.68
2.364,-0.47,-0.59,0.23,0.79
2.374,-0.45,-0.65,0.22,0.82
2.384,-0.39,-0.70,0.24,0.83
2.394,-0.37,-0.71,0.26,0.84
2.404,-0.39,-0.67,0.30,0.83
2.414,-0.37,-0.62,0.32,0.79
2.424,-0.31,-0.53,0.41,0.74
2.434,-0.26,-0.35,0.53,0.69
2.444,-0.10,-0.16,0.62,0.65
2.454,0.06,0.02,0.53,0.54
2.464,0.16,0.17,0.48,0.54
2.474,0.31,0.18,0.37,0.51
2.484,0.38,0.07,0.27,0.47
2.494,0.39,-0.09,0.33,0.51
2.505,0.29,-0.13,0.51,0.60
2.515,0.31,-0.15,0.66,0.75
2.525,0.40,-0.17,0.65,0.78
2.535,0.52,-0.13,0.59,0.80
2.545,0.63,-0.12,0.53,0.83
2.555,0.56,-0.24,0.54,0.81
2.565,0.38,-0.34,0.56,0.75
2.575,0.29,-0.36,0.56,0.73
2.585,0.38,-0.36,0.63,0.82
2.595,0.40,-0.39,0.65,0.85
2.605,0.45,-0.44,0.56,0.85
2.615,0.51,-0.52,0.51,0.89
2.625,0.53,-0.56,0.52,0.92
2.635,0.54,-0.49,0.61,0.95
2.645,0.60,-0.39,0.69,0.99
2.655,0.62,-0.33,0.71,0.99
2.665,0.61,-0.36,0.68,0.99
2.675,0.61,-0.48,0.71,1.05
2.685,0.69,-0.62,0.68,1.15
2.696,0.79,-0.75,0.72,1.31
2.706,0.82,-0.79,0.73,1.35
2.716,0.70,-0.78,0.72,1.27
2.726,0.50,-0.78,0.84,1.25
2.736,0.24,-0.77,1.00,1.29
2.746,0.11,-0.73,1.18,1.39
2.756,0.12,-0.57,1.21,1.35
2.766,0.27,-0.41,1.18,1.28
2.776,0.48,-0.34,1.08,1.23
2.786,0.65,-0.36,1.05,1.28
2.796,0.73,-0.52,1.19,1.49
2.806,0.81,-0.66,1.37,1.72
2.816,0.92,-0.72,1.43,1.84
2.826,0.97,-0.68,1.26,1.72
2.836,0.88,-0.55,1.03,1.46
2.846,0.66,-0.40,0.81,1.12
2.857,0.22,-0.33,0.46,0.61
2.866,-0.38,-0.34,0.22,0.56
2.877,-0.93,-0.11,0.19,0.95
2.887,-1.15,0.44,0.58,1.36
2.897,-1.07,1.14,1.25,2.00
2.907,-0.61,1.58,1.62,2.34
2.917,0.32,1.66,1.58,2.31
2.927,1.23,1.60,1.38,2.44
2.937,1.76,1.32,1.13,2.48
2.947,1.71,0.54,1.01,2.06
2.957,1.24,-0.32,1.45,1.93
2.967,0.83,-0.62,1.93,2.19
2.977,0.58,-0.41,2.08,2.20
2.987,0.20,0.02,1.86,1.88
2.997,-0.42,0.52,1.41,1.56
3.007,-0.98,1.15,0.96,1.79
3.017,-1.39,2.10,0.59,2.59
3.027,-1.90,3.18,0.45,3.73
3.038,-2.19,4.26,0.70,4.84
3.048,-1.94,5.04,0.99,5.49
3.058,-1.34,5.24,1.04,5.50
3.068,-0.54,4.73,0.98,4.86
3.078,0.19,3.72,0.83,3.82
3.088,0.76,2.77,0.53,2.92
3.098,1.06,1.84,0.21,2.13
3.108,1.11,0.94,0.03,1.45
3.118,0.96,0.20,-0.18,0.99
3.128,0.63,-0.22,-0.40,0.78
3.138,0.25,-0.33,-0.61,0.74
3.148,-0.19,-0.26,-0.92,0.98
3.158,-0.56,-0.11,-1.19,1.32
3.168,-0.80,0.06,-1.35,1.57
3.178,-1.07,0.20,-1.30,1.70
3.188,-1.27,0.29,-1.15,1.74
3.198,-1.30,0.36,-1.11,1.75
3.208,-1.28,0.33,-1.12,1.74
3.219,-1.18,0.07,-1.08,1.60
3.228,-1.03,-0.23,-1.01,1.46
3.239,-0.77,-0.51,-0.92,1.30
3.249,-0.36,-0.76,-0.79,1.15
3.259,0.10,-0.95,-0.76,1.22
3.269,0.48,-1.05,-0.71,1.35
3.279,0.70,-0.99,-0.73,1.42
3.289,0.90,-0.79,-0.78,1.43
3.299,1.04,-0.49,-0.82,1.42
3.309,1.13,-0.36,-0.88,1.48
3.319,1.05,-0.38,-1.00,1.50
3.329,0.81,-0.55,-1.15,1.51
3.339,0.51,-0.80,-1.25,1.57
3.349,0.22,-1.12,-1.28,1.72
3.359,-0.12,-1.49,-1.23,1.93
3.369,-0.40,-1.73,-1.22,2.15
3.379,-0.64,-1.85,-1.21,2.30
3.389,-0.79,-1.90,-1.18,2.37
3.400,-0.81,-1.90,-1.14,2.36
3.410,-0.76,-1.89,-1.06,2.29
3.420,-0.66,-1.78,-1.00,2.14
3.430,-0.43,-1.63,-0.97,1.94
3.440,-0.30,-1.44,-0.94,1.75
3.450,-0.17,-1.29,-0.97,1.62
3.460,-0.15,-1.16,-0.90,1.48
3.470,-0.06,-1.11,-0.90,1.43
3.480,0.03,-1.09,-0.85,1.38
3.490,0.07,-1.02,-0.80,1.30
3.500,0.11,-0.87,-0.63,1.08
3.510,0.20,-0.80,-0.52,0.98
3.520,0.28,-0.78,-0.48,0.96
3.530,0.33,-0.79,-0.39,0.94
3.540,0.38,-0.74,-0.32,0.89
3.550,0.50,-0.61,-0.30,0.84
3.560,0.59,-0.43,-0.28,0.78
3.571,0.46,-0.31,-0.25,0.61
3.581,0.27,-0.36,-0.15,0.48
3.591,0.17,-0.66,-0.02,0.68
3.601,0.14,-0.87,0.19,0.90
3.611,0.14,-0.89,0.38,0.98
3.621,0.37,-0.73,0.60,1.02
3.631,0.77,-0.33,0.66,1.07
3.641,1.09,0.13,0.63,1.27
3.651,1.20,0.45,0.58,1.40
3.661,1.24,0.63,0.61,1.52
3.671,1.11,0.59,0.73,1.45
3.681,0.88,0.27,0.89,1.28
3.691,0.73,-0.27,1.01,1.27
3.701,0.75,-0.70,0.96,1.40
3.711,0.73,-0.94,0.90,1.49
3.721,0.77,-1.03,0.94,1.59
3.731,0.84,-1.05,1.03,1.70
3.742,0.97,-0.94,1.04,1.70
3.752,1.19,-0.66,0.98,1.68
3.762,1.42,-0.29,0.87,1.69
3.772,1.53,0.08,0.77,1.72
3.782,1.48,0.23,0.73,1.67
3.792,1.35,0.07,0.80,1.57
3.802,1.23,-0.17,0.95,1.56
3.812,1.18,-0.16,1.07,1.60
3.822,1.14,0.13,1.05,1.56
3.832,1.19,0.61,0.86,1.59
3.842,1.12,1.29,0.44,1.76
3.852,0.83,1.88,-0.19,2.07
3.862,0.59,1.82,-0.30,1.94
3.872,0.91,1.14,0.30,1.49
3.882,1.29,0.94,0.97,1.87
3.892,1.05,1.86,0.88,2.31
3.902,0.18,3.19,0.00,3.19
3.912,-0.82,4.34,-0.46,4.44
3.923,-1.05,5.12,-0.05,5.23
3.933,-0.59,5.55,0.42,5.60
3.943,-0.04,5.50,0.44,5.51
3.953,0.25,5.03,-0.31,5.05
3.963,0.21,4.35,-1.37,4.57
3.973,0.14,3.45,-2.14,4.06
3.983,0.07,2.38,-2.33,3.34
3.993,-0.10,1.27,-2.21,2.55
4.003,-0.53,0.45,-2.16,2.26
4.013,-1.10,-0.12,-2.08,2.36
4.023,-1.71,-0.45,-1.88,2.58
4.033,-2.21,-0.54,-1.45,2.70
4.043,-2.33,-0.29,-0.89,2.52
4.053,-2.02,0.27,-0.24,2.05
4.063,-1.50,0.79,0.24,1.71
4.073,-1.06,1.12,0.07,1.54
4.083,-0.71,1.23,0.00,1.42
4.094,-0.64,1.00,0.14,1.19
4.104,-0.59,0.76,0.23,0.99
4.114,-0.10,0.73,0.11,0.74
4.124,-0.04,0.31,-0.11,0.33
4.134,-0.24,-0.33,-0.08,0.42
4.144,-0.12,-0.78,0.11,0.79
4.154,0.08,-1.16,0.12,1.17
4.164,0.04,-1.46,0.08,1.47
4.174,0.13,-1.71,-0.14,1.72
4.184,0.11,-1.89,-0.50,1.96
4.194,-0.03,-2.10,-0.71,2.22
4.204,-0.11,-2.17,-0.80,2.31
4.214,-0.22,-2.09,-0.86,2.26
4.224,-0.41,-1.98,-0.97,2.24
4.234,-0.60,-1.94,-0.98,2.26
4.245,-0.65,-1.99,-0.90,2.28
4.254,-0.69,-2.04,-0.78,2.29
4.265,-0.68,-2.13,-0.60,2.31
4.275,-0.66,-2.13,-0.45,2.28
4.285,-0.74,-1.99,-0.30,2.15
4.295,-0.65,-1.82,-0.02,1.93
4.305,-0.49,-1.63,0.14,1.71
4.315,-0.29,-1.53,0.13,1.56
4.325,-0.16,-1.54,0.06,1.55
4.335,-0.12,-1.52,0.11,1.53
4.345,-0.10,-1.47,0.15,1.48
4.355,-0.02,-1.42,0.04,1.42
4.365,-0.04,-1.32,-0.13,1.32
4.375,-0.04,-1.24,-0.29,1.27
4.385,0.01,-1.21,-0.18,1.22
4.395,-0.07,-1.19,-0.03,1.19
4.405,-0.10,-1.05,-0.09,1.06
4.415,-0.08,-0.74,-0.25,0.78
4.426,-0.14,-0.39,-0.30,0.51
4.436,-0.31,-0.22,-0.09,0.39
4.446,-0.43,-0.27,0.12,0.53
4.456,-0.54,-0.44,0.42,0.81
4.466,-0.58,-0.70,0.63,1.11
4.476,-0.44,-0.91,0.51,1.13
4.486,-0.23,-1.06,0.28,1.12
4.496,-0.06,-1.21,0.28,1.24
4.506,0.07,-1.30,0.46,1.38
4.516,0.20,-1.28,0.65,1.45
4.526,0.35,-1.18,0.77,1.45
4.536,0.45,-1.05,0.87,1.44
4.546,0.62,-0.84,0.96,1.42
4.556,0.89,-0.55,0.98,1.43
4.566,1.13,-0.26,1.02,1.54
4.577,1.32,0.06,1.10,1.72
4.586,1.42,0.39,1.19,1.89
4.596,1.43,0.76,1.19,2.01
4.607,1.38,1.03,1.08,2.03
4.617,1.19,1.18,0.95,1.93
4.627,0.78,1.18,0.85,1.65
4.637,0.37,0.86,1.06,1.42
4.647,0.16,0.57,1.06,1.22
4.657,0.21,0.97,0.86,1.31
4.667,0.18,1.99,0.76,2.13
4.677,0.03,3.06,0.70,3.14
4.687,-0.17,3.74,0.66,3.81
4.697,-0.42,3.80,1.03,3.96
4.707,-0.66,3.48,1.64,3.90
4.717,-0.72,3.37,1.87,3.92
4.727,-0.50,3.51,1.74,3.95
4.737,-0.24,3.71,1.57,4.03
4.747,-0.16,4.02,1.41,4.27
4.757,-0.27,4.27,1.19,4.44
4.767,-0.57,4.12,0.82,4.24
4.778,-1.06,3.34,0.23,3.51
4.788,-1.41,2.21,-0.28,2.63
4.798,-1.30,1.11,-0.43,1.77
4.808,-0.89,0.30,-0.44,1.03
4.818,-0.48,-0.35,-0.51,0.78
4.828,-0.24,-0.96,-0.69,1.21
4.838,-0.30,-1.51,-0.98,1.82
4.848,-0.53,-1.93,-1.16,2.32
4.858,-0.83,-2.07,-1.20,2.53
4.868,-1.17,-1.91,-1.13,2.51
4.878,-1.40,-1.54,-0.91,2.27
4.888,-1.45,-1.01,-0.77,1.92
4.898,-1.28,-0.49,-0.77,1.57
4.908,-0.94,-0.19,-0.84,1.27
4.918,-0.54,-0.07,-0.94,1.08
4.929,-0.15,-0.23,-1.05,1.09
4.938,0.14,-0.58,-1.04,1.20
4.948,0.19,-0.97,-0.93,1.36
4.958,0.20,-1.22,-0.78,1.46
4.969,0.27,-1.46,-0.69,1.63
4.979,0.20,-1.66,-0.62,1.79
4.989,0.14,-1.71,-0.66,1.84
4.999,0.14,-1.76,-0.76,1.93
5.009,0.16,-1.82,-0.81,1.99
5.019,0.21,-1.86,-0.93,2.08
5.029,0.24,-1.90,-0.96,2.14
5.039,0.30,-2.02,-0.90,2.23
5.049,0.30,-2.04,-0.76,2.20
5.059,0.34,-2.03,-0.56,2.14
5.069,0.30,-1.90,-0.52,2.00
5.079,0.37,-1.76,-0.65,1.91
5.089,0.44,-1.60,-0.70,1.80
5.099,0.41,-1.38,-0.72,1.61
5.109,0.35,-1.22,-0.64,1.42
5.119,0.31,-1.14,-0.52,1.29
5.130,0.32,-1.09,-0.42,1.21
5.140,0.35,-1.16,-0.31,1.25
5.150,0.48,-1.21,-0.22,1.32
5.160,0.54,-1.13,-0.16,1.26
5.170,0.59,-1.03,-0.12,1.20
5.180,0.56,-0.94,0.02,1.09
5.190,0.56,-0.77,0.14,0.97
5.200,0.67,-0.48,0.25,0.86
5.210,0.76,-0.13,0.35,0.85
5.220,0.78,0.08,0.36,0.86
5.230,0.80,0.07,0.41,0.90
5.240,0.82,-0.01,0.35,0.89
5.250,0.80,-0.05,0.21,0.83
5.260,0.77,-0.15,0.16,0.80
5.270,0.64,-0.31,0.24,0.75
5.280,0.47,-0.50,0.32,0.75
5.290,0.28,-0.68,0.25,0.78
5.300,0.20,-0.65,0.28,0.74
5.311,0.29,-0.35,0.35,0.57
5.321,0.44,0.14,0.42,0.63
5.331,0.51,0.44,0.55,0.87
5.341,0.46,0.33,0.57,0.81
5.351,0.30,0.08,0.48,0.58
5.361,0.14,-0.18,0.55,0.60
5.371,0.09,-0.36,0.75,0.83
5.381,0.20,-0.45,0.91,1.03
5.391,0.46,-0.48,1.01,1.20
5.401,0.83,-0.37,0.95,1.32
5.411,1.13,-0.23,0.78,1.39
5.421,1.35,-0.08,0.58,1.48
5.431,1.29,0.08,0.45,1.37
5.441,1.05,0.21,0.53,1.20
5.451,0.79,0.37,0.63,1.08
5.462,0.62,0.65,0.84,1.23
5.471,0.67,0.93,0.99,1.52
5.482,0.80,1.11,0.97,1.68
5.492,0.97,1.28,0.81,1.80
5.502,1.30,1.44,0.61,2.03
5.512,1.71,1.50,0.59,2.35
5.522,2.11,1.70,0.53,2.76
5.532,2.24,2.29,0.33,3.22
5.542,1.96,3.25,0.10,3.79
5.552,1.49,4.11,-0.05,4.37
5.562,0.91,4.48,0.03,4.57
5.572,0.49,4.53,0.23,4.56
5.582,0.29,4.52,0.40,4.54
5.592,-0.06,4.45,0.30,4.46
5.602,-0.62,3.90,-0.09,3.95
5.612,-0.84,2.92,-0.62,3.10
5.622,-0.90,1.94,-1.22,2.46
5.632,-1.17,1.05,-1.67,2.29
5.642,-1.58,0.21,-1.92,2.49
5.653,-1.87,-0.46,-2.05,2.81
5.663,-1.98,-0.85,-2.08,2.99
5.673,-1.82,-0.88,-1.89,2.77
5.683,-1.58,-0.53,-1.39,2.17
5.693,-1.37,0.17,-0.90,1.65
5.703,-1.10,0.91,-0.62,1.55
5.713,-0.86,1.20,-0.61,1.60
5.723,-0.69,1.20,-0.56,1.49
5.733,-0.70,0.95,-0.33,1.23
5.743,-0.55,0.53,-0.10,0.77
5.753,-0.46,0.12,-0.13,0.50
5.763,-0.22,-0.02,-0.13,0.25
5.773,0.06,0.08,-0.15,0.18
5.783,-0.01,-0.11,-0.09,0.15
5.793,-0.18,-0.56,-0.07,0.59
5.803,-0.31,-0.95,-0.16,1.01
5.814,-0.34,-1.14,-0.30,1.23
5.824,-0.22,-1.33,-0.45,1.42
5.833,-0.17,-1.53,-0.54,1.63
5.844,-0.19,-1.67,-0.55,1.77
5.854,-0.26,-1.68,-0.64,1.82
5.864,-0.42,-1.63,-0.69,1.82
5.874,-0.62,-1.67,-0.60,1.88
5.884,-0.72,-1.82,-0.49,2.02
5.894,-0.68,-2.01,-0.25,2.14
5.904,-0.59,-2.07,-0.12,2.15
5.914,-0.49,-2.02,-0.16,2.09
5.924,-0.28,-2.02,-0.20,2.05
5.934,-0.20,-1.92,-0.22,1.95
5.944,-0.18,-1.89,-0.25,1.91
5.954,-0.21,-1.89,-0.21,1.92
5.964,-0.29,-1.97,-0.13,2.00
5.974,-0.35,-2.02,-0.16,2.06
5.984,-0.50,-2.01,-0.11,2.07
5.995,-0.51,-2.05,-0.04,2.11
6.005,-0.60,-2.08,0.16,2.17
6.015,-0.76,-1.91,0.42,2.10
6.025,-0.67,-1.72,0.47,1.90
6.035,-0.43,-1.47,0.40,1.59
6.045,-0.21,-1.27,0.22,1.31
6.055,0.03,-1.07,0.04,1.07
6.065,0.22,-0.88,-0.02,0.91
6.075,0.29,-0.72,0.04,0.78
6.085,0.25,-0.58,0.18,0.66
6.095,0.14,-0.48,0.39,0.64
6.105,0.09,-0.36,0.58,0.69
6.115,0.10,-0.31,0.70,0.77
6.125,0.26,-0.30,0.63,0.75
6.135,0.48,-0.37,0.54,0.81
6.145,0.63,-0.41,0.60,0.96
6.156,0.69,-0.37,0.81,1.13
6.165,0.71,-0.23,1.02,1.26
6.176,0.68,-0.04,1.15,1.33
6.186,0.69,0.18,1.18,1.38
6.196,0.85,0.36,1.24,1.54
6.206,1.08,0.50,1.22,1.71
6.216,1.38,0.55,1.19,1.90
6.226,1.60,0.55,1.23,2.09
6.236,1.70,0.56,1.35,2.25
6.246,1.66,0.58,1.41,2.25
6.256,1.43,0.58,1.30,2.02
6.266,1.19,0.33,1.43,1.89
6.276,1.11,0.38,1.37,1.80
6.286,0.98,1.25,0.95,1.85
6.296,0.44,2.56,0.54,2.65
6.306,-0.26,3.37,0.32,3.39
6.316,-0.89,3.48,0.63,3.65
6.326,-1.52,3.24,1.14,3.76
6.337,-1.76,2.96,1.57,3.79
6.346,-1.29,3.42,1.54,3.97
6.357,-0.75,4.09,0.93,4.26
6.367,-0.52,4.30,0.71,4.39
6.377,-0.43,4.07,0.41,4.12
6.387,-0.44,3.32,-0.08,3.34
6.397,-0.54,2.31,-0.32,2.39
6.407,-0.58,1.33,-0.49,1.53
6.417,-0.52,0.52,-0.72,1.03
6.427,-0.43,0.00,-0.80,0.91
6.437,-0.28,-0.34,-0.79,0.91
6.447,-0.24,-0.69,-0.82,1.10
6.457,-0.30,-0.95,-1.00,1.41
6.467,-0.35,-1.11,-1.08,1.59
6.477,-0.33,-1.06,-1.10,1.56
6.487,-0.43,-0.85,-1.14,1.49
6.497,-0.66,-0.60,-1.12,1.43
6.507,-0.95,-0.45,-1.08,1.50
6.517,-1.17,-0.32,-1.08,1.62
6.528,-1.14,-0.19,-1.06,1.56
6.538,-0.91,-0.24,-0.91,1.31
6.548,-0.62,-0.47,-0.67,1.03
6.558,-0.29,-0.81,-0.54,1.01
6.568,-0.04,-1.19,-0.42,1.26
6.578,0.03,-1.50,-0.37,1.55
6.588,0.13,-1.75,-0.37,1.79
6.598,0.22,-1.94,-0.42,2.00
6.608,0.28,-2.08,-0.51,2.16
6.618,0.21,-2.13,-0.58,2.22
6.628,0.11,-2.19,-0.59,2.27
6.638,0.05,-2.25,-0.58,2.32
6.648,0.05,-2.25,-0.59,2.32
6.658,0.06,-2.14,-0.63,2.23
6.668,-0.01,-1.92,-0.62,2.02
6.678,-0.06,-1.79,-0.54,1.87
6.688,-0.22,-1.57,-0.49,1.66
6.699,-0.46,-1.35,-0.40,1.48
6.709,-0.40,-1.27,-0.41,1.39
6.719,-0.30,-1.05,-0.35,1.14
6.729,-0.15,-0.88,-0.29,0.94
6.739,0.13,-0.87,-0.12,0.89
6.749,0.47,-0.86,-0.14,0.99
6.759,0.88,-0.85,-0.26,1.25
6.769,1.15,-0.89,-0.20,1.47
6.779,1.23,-0.98,-0.11,1.58
6.789,1.17,-1.00,-0.10,1.55
6.799,1.03,-0.92,-0.10,1.39
6.809,0.84,-0.71,-0.04,1.10
6.819,0.68,-0.47,-0.04,0.83
6.829,0.51,-0.31,0.03,0.60
6.839,0.38,-0.31,0.24,0.55
6.850,0.38,-0.36,0.41,0.66
6.859,0.45,-0.33,0.50,0.75
6.870,0.53,-0.03,0.45,0.70
6.880,0.59,0.28,0.34,0.73
6.890,0.58,0.24,0.33,0.71
6.900,0.51,0.03,0.30,0.60
6.910,0.45,-0.29,0.32,0.62
6.920,0.43,-0.55,0.40,0.80
6.930,0.53,-0.70,0.52,1.02
6.940,0.72,-0.70,0.66,1.20
6.950,0.91,-0.55,0.69,1.27
6.960,1.04,-0.27,0.60,1.23
6.970,1.11,0.01,0.61,1.27
6.980,1.03,0.06,0.65,1.21
6.990,0.91,0.14,0.77,1.20
7.000,0.79,0.22,0.83,1.17
7.010,0.66,0.29,0.86,1.12
7.020,0.61,0.48,0.72,1.06
7.031,0.61,0.89,0.51,1.19
7.040,0.54,1.42,0.54,1.62
7.051,0.52,1.87,0.66,2.05
7.061,0.73,2.17,0.92,2.47
7.071,1.10,2.60,1.12,3.04
7.081,1.32,3.23,0.89,3.60
7.091,1.02,3.86,0.43,4.01
7.101,0.43,4.30,0.22,4.32
7.111,0.21,4.58,0.14,4.59
7.121,0.49,4.92,0.12,4.95
7.131,0.41,5.20,-0.16,5.22
7.141,-0.24,4.95,-0.48,4.98
7.151,-0.81,4.08,-1.14,4.31
7.161,-1.21,3.12,-1.76,3.78
7.171,-1.71,2.16,-2.20,3.52
7.182,-2.10,1.19,-2.42,3.42
7.191,-2.17,0.28,-2.23,3.13
7.202,-1.88,-0.54,-2.00,2.79
7.212,-1.18,-0.99,-1.65,2.26
7.222,-0.48,-1.04,-1.05,1.55
7.232,0.04,-0.58,-0.63,0.86
7.242,0.41,0.16,-0.71,0.83
7.252,0.56,0.66,-0.69,1.11
7.262,0.50,0.76,-0.48,1.03
7.272,0.16,0.46,-0.21,0.53
7.282,-0.36,-0.09,0.12,0.39
7.292,-0.92,-0.40,0.35,1.06
7.302,-0.91,0.06,0.33,0.97
7.312,-0.17,0.71,0.07,0.74
7.322,0.09,0.45,-0.29,0.55
7.332,-0.21,-0.17,-0.62,0.67
7.342,-0.36,-0.69,-0.79,1.11
7.352,-0.36,-1.18,-0.89,1.53
7.362,-0.44,-1.71,-0.88,1.97
7.373,-0.58,-2.17,-0.71,2.36
7.383,-0.70,-2.48,-0.61,2.64
7.393,-0.69,-2.60,-0.64,2.77
7.403,-0.75,-2.74,-0.63,2.90
7.413,-0.87,-2.84,-0.63,3.04
7.423,-0.79,-2.89,-0.58,3.05
7.433,-0.57,-2.89,-0.46,2.98
7.443,-0.20,-2.88,-0.29,2.90
7.453,0.12,-2.79,-0.26,2.80
7.463,0.21,-2.75,-0.28,2.77
7.473,0.27,-2.73,-0.20,2.75
7.483,0.31,-2.68,0.01,2.69
7.493,0.18,-2.46,0.20,2.48
7.503,0.06,-2.11,0.30,2.13
7.513,-0.07,-1.83,0.26,1.85
7.523,-0.17,-1.71,0.16,1.72
7.533,-0.23,-1.68,0.15,1.70
7.543,-0.25,-1.62,0.26,1.66
7.554,-0.22,-1.44,0.40,1.51
7.564,-0.09,-1.17,0.50,1.27
7.574,-0.06,-0.90,0.50,1.03
7.584,-0.01,-0.72,0.27,0.77
7.594,0.04,-0.53,0.06,0.53
7.604,0.05,-0.41,0.04,0.42
7.614,-0.05,-0.29,0.24,0.38
7.624,-0.30,-0.10,0.55,0.64
7.634,-0.27,-0.01,0.85,0.89
7.644,-0.05,-0.02,1.03,1.04
7.654,0.30,-0.13,1.08,1.13
7.664,0.68,-0.41,1.13,1.38
7.674,0.99,-0.70,1.23,1.73
7.684,1.31,-0.86,1.32,2.05
7.694,1.58,-0.84,1.39,2.27
7.704,1.76,-0.67,1.31,2.29
7.714,1.81,-0.34,1.17,2.18
7.725,1.70,0.11,1.03,1.99
7.735,1.47,0.51,0.79,1.75
7.745,1.09,0.68,0.65,1.44
7.755,0.57,0.39,1.04,1.25
7.765,0.34,0.31,1.39,1.47
7.775,0.54,1.17,1.43,1.92
7.785,0.65,2.87,1.36,3.24
7.795,0.42,4.60,1.08,4.75
7.805,-0.14,5.26,0.82,5.33
7.815,-0.88,4.57,1.18,4.80
7.825,-1.45,3.54,1.53,4.12
7.835,-1.49,3.41,1.55,4.03
7.845,-1.04,4.18,1.37,4.52
7.855,-0.70,4.81,1.21,5.01
7.865,-0.82,4.75,1.27,4.99
7.875,-0.92,4.07,1.30,4.37
7.885,-0.95,3.17,0.57,3.36
7.895,-1.05,2.21,-0.22,2.45
7.905,-0.97,1.37,-0.51,1.75
7.916,-0.79,0.56,-0.56,1.12
7.926,-0.60,-0.11,-0.60,0.86
7.936,-0.49,-0.62,-0.82,1.14
7.946,-0.53,-1.10,-0.99,1.57
7.956,-0.60,-1.53,-0.99,1.91
7.966,-0.68,-1.72,-1.01,2.11
7.976,-0.76,-1.52,-0.94,1.94
7.986,-0.82,-1.05,-0.87,1.59
7.996,-0.92,-0.46,-0.86,1.34
8.006,-0.84,-0.04,-0.96,1.28
8.016,-0.51,0.07,-1.09,1.21
8.026,-0.20,-0.07,-1.18,1.20
8.036,-0.05,-0.26,-0.98,1.01
8.046,0.01,-0.50,-0.56,0.75
8.056,0.17,-0.75,-0.19,0.79
8.066,0.49,-1.05,-0.09,1.16
8.076,0.68,-1.45,-0.21,1.61
8.087,0.69,-1.74,-0.36,1.90
8.097,0.62,-1.95,-0.63,2.14
8.107,0.47,-2.16,-0.82,2.36
8.117,0.34,-2.53,-0.85,2.69
8.127,0.32,-2.88,-0.76,3.00
8.137,0.38,-3.10,-0.64,3.18
8.147,0.47,-3.22,-0.51,3.29
8.157,0.24,-2.98,-0.43,3.02
8.167,0.19,-2.79,-0.43,2.83
8.177,0.22,-2.67,-0.43,2.71
8.187,0.23,-2.40,-0.41,2.45
8.197,0.31,-2.07,-0.45,2.14
8.207,0.26,-1.71,-0.59,1.83
8.217,0.26,-1.36,-0.67,1.54
8.227,0.24,-1.11,-0.64,1.31
8.237,0.24,-1.05,-0.62,1.24
8.247,0.22,-0.81,-0.52,0.99
8.258,0.37,-0.63,-0.42,0.84
8.268,0.43,-0.54,-0.37,0.78
8.278,0.37,-0.46,-0.32,0.67
8.288,0.36,-0.41,-0.14,0.56
8.298,0.39,-0.36,-0.03,0.53
8.308,0.42,-0.30,0.20,0.55
8.318,0.40,-0.22,0.39,0.60
8.328,0.34,-0.33,0.45,0.65
8.338,0.36,-0.46,0.53,0.79
8.348,0.47,-0.40,0.55,0.83
8.358,0.56,-0.14,0.51,0.77
8.368,0.64,0.16,0.48,0.81
8.378,0.74,0.37,0.50,0.97
8.388,0.90,0.43,0.57,1.15
8.398,0.93,0.37,0.62,1.18
8.408,0.84,0.25,0.59,1.05
8.418,0.72,0.09,0.58,0.93
8.429,0.59,-0.14,0.61,0.85
8.438,0.52,-0.35,0.62,0.89
8.449,0.58,-0.45,0.71,1.02
8.459,0.76,-0.34,0.88,1.21
8.469,0.91,-0.03,0.86,1.26
8.479,0.94,0.29,0.71,1.22
8.489,0.80,0.56,0.72,1.21
8.499,0.60,0.95,0.80,1.38
8.509,0.50,1.56,0.88,1.86
8.519,0.44,2.38,0.90,2.59
8.529,0.63,3.16,0.66,3.28
8.539,1.24,3.52,0.52,3.77
8.549,2.08,3.76,0.53,4.33
8.559,2.13,4.25,0.51,4.78
8.569,1.56,4.60,0.25,4.86
8.579,0.99,4.59,0.01,4.69
8.589,0.46,4.60,-0.17,4.63
8.600,0.05,4.52,-0.66,4.56
8.610,-0.53,4.01,-1.31,4.25
8.620,-1.34,3.15,-1.96,3.94
8.630,-2.04,2.20,-2.41,3.85
8.640,-2.32,1.24,-2.58,3.69
8.650,-2.28,0.42,-2.47,3.39
8.660,-2.02,-0.11,-2.21,3.00
8.670,-1.66,-0.20,-1.92,2.55
8.680,-1.10,0.01,-1.75,2.07
8.690,-0.60,0.43,-1.32,1.51
8.700,-0.28,0.74,-0.77,1.10
8.710,-0.08,0.78,-0.35,0.86
8.720,0.02,0.55,-0.06,0.55
8.730,0.02,0.17,0.16,0.23
8.740,0.06,-0.34,0.29,0.45
8.750,0.16,-0.69,0.42,0.82
8.760,0.12,-0.70,0.34,0.79
8.770,0.29,-0.33,0.08,0.45
8.781,0.45,-0.47,-0.37,0.74
8.791,0.12,-1.07,-0.57,1.22
8.801,-0.18,-1.57,-0.43,1.64
8.811,-0.33,-1.96,-0.41,2.02
8.821,-0.31,-2.28,-0.52,2.36
8.831,-0.32,-2.51,-0.59,2.60
8.841,-0.35,-2.60,-0.54,2.68
8.851,-0.45,-2.55,-0.46,2.63
8.861,-0.65,-2.58,-0.42,2.69
8.871,-0.75,-2.66,-0.46,2.80
8.881,-0.78,-2.70,-0.55,2.86
8.891,-0.62,-2.68,-0.54,2.80
8.901,-0.40,-2.65,-0.43,2.71
8.911,-0.23,-2.48,-0.31,2.50
8.921,-0.06,-2.36,-0.22,2.37
8.931,-0.02,-2.25,-0.17,2.25
8.941,-0.13,-2.06,-0.12,2.07
8.952,-0.25,-1.83,-0.01,1.85
8.962,-0.28,-1.67,0.07,1.69
8.972,-0.46,-1.51,0.14,1.59
8.982,-0.71,-1.34,0.24,1.53
8.992,-0.83,-1.19,0.28,1.48
9.002,-0.80,-1.01,0.06,1.29
9.012,-0.72,-0.86,-0.04,1.12
9.022,-0.65,-0.83,0.05,1.06
9.032,-0.58,-0.85,0.18,1.05
9.042,-0.50,-0.81,0.26,0.99
9.052,-0.46,-0.73,0.56,1.03
9.062,-0.29,-0.60,0.80,1.04
9.072,0.08,-0.39,0.79,0.88
9.082,0.51,-0.29,0.63,0.86
9.092,0.82,-0.27,0.44,0.97
9.102,0.98,-0.38,0.41,1.13
9.112,1.05,-0.55,0.56,1.31
9.122,1.07,-0.68,0.71,1.45
9.133,1.09,-0.75,0.72,1.51
9.143,1.05,-0.76,0.65,1.45
9.153,0.93,-0.66,0.68,1.33
9.163,0.87,-0.50,0.81,1.29
9.173,0.91,-0.33,1.00,1.39
9.183,1.03,-0.10,1.13,1.53
9.193,1.15,0.18,1.20,1.68
9.203,1.21,0.48,1.15,1.74
9.213,1.16,0.75,1.13,1.79
9.223,1.08,0.98,1.24,1.91
9.233,0.99,1.18,1.47,2.13
9.243,0.96,1.30,1.82,2.43
9.253,1.00,1.38,2.17,2.76
9.263,1.20,1.59,2.11,2.90
9.273,1.31,2.19,1.55,2.98
9.284,1.15,3.27,0.97,3.60
9.293,0.42,3.73,0.88,3.85
9.304,-0.26,3.33,1.18,3.54
9.314,-0.36,3.78,1.53,4.09
9.324,-0.78,4.82,1.67,5.16
9.334,-1.33,5.60,1.59,5.97
9.344,-1.34,5.23,1.57,5.62
9.354,-0.93,3.91,1.31,4.22
9.364,-0.82,2.47,0.90,2.75
9.374,-0.81,1.18,0.21,1.45
9.384,-0.58,0.22,-0.11,0.63
9.394,-0.30,-0.30,-0.19,0.46
9.404,-0.21,-0.58,-0.42,0.75
9.414,-0.44,-0.78,-0.79,1.19
9.424,-0.91,-1.05,-1.12,1.78
9.434,-1.39,-1.23,-1.26,2.25
9.444,-1.79,-1.14,-1.24,2.46
9.455,-2.00,-0.68,-1.12,2.39
9.464,-2.01,-0.02,-0.86,2.19
9.474,-1.75,0.52,-0.62,1.93
9.484,-1.15,0.83,-0.59,1.53
9.495,-0.38,0.81,-0.68,1.13
9.505,0.22,0.50,-0.70,0.89
9.515,0.43,-0.04,-0.54,0.69
9.525,0.37,-0.49,-0.24,0.66
9.535,0.30,-0.87,0.02,0.92
9.545,0.28,-1.27,0.15,1.31
9.555,0.28,-1.68,0.15,1.71
9.565,0.35,-2.09,-0.03,2.12
9.575,0.41,-2.47,-0.19,2.51
9.585,0.48,-2.73,-0.28,2.79
9.595,0.63,-2.93,-0.45,3.03
9.605,0.92,-3.16,-0.52,3.33
9.615,1.18,-3.32,-0.53,3.56
9.625,1.01,-3.02,-0.58,3.24
9.635,0.62,-2.74,-0.69,2.89
9.645,0.24,-2.58,-0.89,2.74
9.656,-0.25,-2.15,-0.94,2.36
9.666,-0.40,-1.79,-0.85,2.03
9.676,-0.42,-1.59,-0.75,1.81
9.686,-0.51,-1.59,-0.65,1.79
9.696,-0.31,-1.56,-0.65,1.72
9.706,0.07,-1.28,-0.81,1.52
9.716,0.38,-0.99,-0.91,1.39
9.726,0.55,-0.87,-0.88,1.36
9.736,0.41,-0.72,-0.73,1.11
9.746,0.39,-0.75,-0.53,1.00
9.756,0.47,-0.79,-0.39,1.00
9.766,0.50,-0.83,-0.27,1.00
9.776,0.36,-0.84,-0.22,0.95
9.786,0.39,-0.74,-0.18,0.86
9.796,0.40,-0.46,-0.11,0.62
9.806,0.36,-0.23,0.07,0.43
9.817,0.24,-0.12,0.34,0.43
9.827,0.29,-0.15,0.58,0.67
9.837,0.47,-0.26,0.66,0.85
9.847,0.64,-0.30,0.58,0.91
9.857,0.78,-0.28,0.45,0.95
9.867,0.89,-0.26,0.53,1.06
9.877,0.94,-0.36,0.80,1.29
9.887,1.02,-0.44,1.00,1.49
9.897,1.12,-0.38,1.02,1.56
9.907,1.19,-0.28,1.07,1.63
9.917,1.23,-0.28,0.79,1.49
9.927,1.31,-0.29,0.39,1.39
9.937,1.31,-0.26,0.10,1.34
9.947,1.24,-0.21,0.03,1.26
9.957,0.97,-0.24,0.17,1.02
9.967,0.67,-0.38,0.28,0.82
9.977,0.41,-0.49,0.49,0.80
9.988,0.14,-0.57,0.71,0.92
9.998,-0.05,-0.61,0.90,1.09
10.007,-0.16,-0.52,1.00,1.14
10.018,-0.15,-0.27,1.05,1.10
10.028,-0.06,-0.07,1.33,1.34
10.038,0.17,-0.00,1.75,1.76
10.048,0.59,0.10,2.15,2.23
10.058,1.20,0.61,2.49,2.83
10.068,1.92,1.38,2.69,3.58
10.078,2.61,2.06,2.76,4.32
10.088,2.75,2.70,2.57,4.63
10.098,2.21,3.42,2.57,4.81
10.108,1.94,4.06,2.24,5.03
10.118,1.67,4.34,1.32,4.83
10.128,0.90,4.82,0.54,4.93
10.138,0.48,5.46,-0.55,5.50
10.148,-0.05,5.91,-1.78,6.18
10.158,-1.00,5.76,-2.90,6.53
10.169,-2.11,4.88,-3.80,6.53
10.179,-2.73,3.63,-4.03,6.07
10.189,-2.60,2.49,-3.56,5.06
10.199,-2.23,1.81,-2.70,3.94
10.209,-1.66,1.55,-1.95,2.99
10.219,-1.06,1.54,-1.54,2.42
10.229,-0.66,1.44,-1.39,2.11
10.239,-0.34,1.20,-0.88,1.53
10.249,0.01,0.90,-0.32,0.95
10.259,0.42,0.53,-0.14,0.69
10.269,0.79,0.13,-0.21,0.82
10.279,0.84,-0.23,-0.25,0.91
10.289,0.40,-0.45,-0.11,0.61
10.299,-0.07,-0.61,0.00,0.61
10.309,-0.42,-0.58,0.04,0.72
10.319,-0.61,-0.38,0.17,0.74
10.329,-0.68,-0.26,0.28,0.78
10.340,-0.79,-0.31,0.15,0.86
10.349,-0.88,-0.51,-0.19,1.04
10.360,-0.96,-0.68,-0.58,1.31
10.370,-0.70,-0.66,-0.71,1.19
10.380,-0.14,-0.44,-0.74,0.87
10.390,-0.37,-0.58,-0.95,1.18
10.400,-0.87,-1.04,-1.08,1.73
10.410,-1.15,-1.40,-1.12,2.13
10.420,-1.17,-1.57,-1.00,2.20
10.430,-1.05,-1.63,-0.78,2.09
10.440,-0.78,-1.73,-0.62,2.00
10.450,-0.45,-1.92,-0.55,2.05
10.460,-0.31,-2.08,-0.44,2.14
10.470,-0.04,-2.31,-0.36,2.34
10.480,0.34,-2.71,-0.41,2.76
10.490,0.52,-3.16,-0.40,3.23
10.500,0.50,-3.43,-0.35,3.48
10.510,0.53,-3.58,-0.17,3.62
10.521,0.64,-3.63,0.04,3.68
10.531,0.74,-3.38,0.02,3.46
10.541,0.71,-3.00,-0.18,3.09
10.551,0.50,-2.62,-0.45,2.71
10.561,0.16,-2.32,-0.58,2.39
10.571,-0.29,-2.09,-0.40,2.14
10.581,-0.67,-2.07,-0.16,2.18
10.591,-0.91,-2.21,0.03,2.38
10.601,-1.10,-2.35,0.12,2.59
10.611,-1.16,-2.38,0.21,2.65
10.621,-0.97,-2.34,0.34,2.56
10.631,-0.64,-2.14,0.48,2.28
10.641,-0.25,-1.76,0.54,1.85
10.651,0.12,-1.40,0.59,1.53
10.661,0.48,-1.01,0.60,1.27
10.671,0.77,-0.66,0.55,1.15
10.682,0.91,-0.55,0.63,1.24
10.691,0.99,-0.72,0.60,1.36
10.702,1.12,-1.11,0.60,1.69
10.712,1.33,-1.52,0.76,2.15
10.722,1.52,-1.73,1.07,2.54
10.732,1.62,-1.68,1.44,2.75
10.742,1.66,-1.46,1.82,2.86
10.752,1.64,-1.15,1.95,2.79
10.762,1.75,-0.88,1.86,2.70
10.772,1.96,-0.72,1.68,2.68
10.782,1.77,-0.65,1.37,2.33
10.792,1.25,-0.71,1.12,1.82
10.802,0.86,-0.75,1.13,1.60
10.812,0.78,-0.58,1.63,1.90
10.822,0.83,-0.35,1.90,2.10
10.832,0.88,-0.11,1.70,1.92
10.842,1.03,0.24,1.29,1.67
10.852,1.24,0.77,0.86,1.70
10.862,1.25,1.16,0.96,1.95
10.873,1.16,1.21,1.38,2.17
10.882,1.14,1.18,1.85,2.48
10.893,1.18,1.02,2.31,2.79
10.903,1.34,0.87,2.83,3.25
10.913,1.72,0.87,3.30,3.82
10.923,2.35,1.17,3.47,4.35
10.933,2.98,2.05,2.90,4.64
10.943,3.08,3.87,1.51,5.17
10.953,2.42,6.00,0.72,6.51
10.963,1.17,7.52,0.37,7.62
10.973,-0.64,7.85,0.09,7.88
10.983,-2.32,6.88,-0.47,7.28
10.993,-2.99,5.05,-0.46,5.89
11.003,-2.84,3.21,-0.18,4.28
11.013,-2.42,1.85,-0.06,3.05
11.023,-2.25,0.75,0.05,2.37
11.033,-1.65,-0.21,0.19,1.67
11.044,-0.79,-1.35,0.07,1.57
11.054,-0.13,-2.49,-0.17,2.50
11.064,0.21,-2.98,-0.62,3.05
11.074,-0.07,-2.86,-1.29,3.13
11.084,-0.81,-2.29,-1.70,2.96
11.094,-1.68,-1.36,-1.83,2.84
11.104,-2.51,-0.50,-1.73,3.09
11.114,-3.05,-0.10,-1.62,3.45
11.124,-2.99,-0.04,-1.72,3.45
11.134,-2.57,-0.17,-1.91,3.21
11.144,-1.97,-0.43,-1.90,2.77
11.154,-1.30,-0.76,-1.74,2.30
11.164,-0.71,-1.06,-1.60,2.05
11.174,-0.40,-1.39,-1.58,2.14
11.184,-0.31,-1.64,-1.43,2.19
11.194,-0.31,-1.82,-1.18,2.19
11.204,-0.40,-1.89,-0.92,2.14
11.214,-0.50,-1.87,-0.84,2.11
11.225,-0.60,-1.65,-0.82,1.94
11.235,-0.60,-1.27,-0.90,1.67
11.245,-0.48,-0.88,-1.09,1.48
11.255,-0.42,-0.59,-1.29,1.48
11.265,-0.45,-0.44,-1.40,1.54
11.275,-0.49,-0.42,-1.37,1.52
11.285,-0.50,-0.39,-1.23,1.38
11.295,-0.35,-0.30,-1.03,1.13
11.305,-0.09,-0.23,-0.83,0.87
11.315,0.06,-0.27,-0.49,0.56
11.325,0.15,-0.26,-0.24,0.39
11.335,0.36,-0.28,-0.35,0.58
11.345,0.66,-0.26,-0.47,0.85
11.355,0.83,-0.18,-0.59,1.04
11.365,0.89,-0.11,-0.61,1.09
11.376,0.87,-0.11,-0.54,1.03
11.385,0.75,-0.18,-0.49,0.91
11.396,0.55,-0.35,-0.31,0.72
11.406,0.39,-0.53,-0.07,0.66
11.416,0.44,-0.72,0.25,0.88
11.426,0.52,-0.68,0.46,0.97
11.436,0.67,-0.55,0.50,1.00
11.446,0.72,-0.46,0.37,0.93
11.456,0.56,-0.54,0.21,0.81
11.466,0.40,-0.85,0.16,0.95
11.476,0.47,-1.18,0.26,1.30
11.486,0.70,-1.17,0.55,1.47
11.496,1.01,-0.85,0.77,1.53
11.506,1.11,-0.55,0.73,1.44
11.516,1.15,-0.42,0.63,1.37
11.526,1.25,-0.42,0.56,1.43
11.536,1.16,-0.38,0.24,1.24
11.546,1.00,-0.43,-0.13,1.10
11.557,0.67,-0.57,-0.28,0.92
11.567,0.23,-0.68,-0.24,0.76
11.576,-0.28,-0.68,-0.15,0.75
11.587,-0.78,-0.65,-0.02,1.02
11.597,-1.15,-0.66,0.08,1.33
11.607,-1.36,-0.70,0.30,1.56
11.617,-1.45,-0.63,0.71,1.74
11.627,-1.40,-0.43,1.17,1.87
11.637,-0.88,-0.12,1.36,1.63
11.647,-0.08,0.10,1.30,1.31
11.657,0.62,0.26,1.27,1.43
11.667,1.26,0.42,1.35,1.89
11.677,1.76,0.46,1.54,2.38
11.687,2.13,0.25,1.71,2.74
11.697,2.40,0.10,1.98,3.11
11.707,2.79,0.22,2.43,3.71
11.717,3.39,0.72,2.42,4.23
11.727,3.95,1.41,2.36,4.81
11.737,4.36,1.92,2.37,5.32
11.747,4.61,2.18,2.10,5.52
11.758,4.64,2.21,1.84,5.46
11.768,4.01,2.51,1.61,4.99
11.778,2.73,3.16,1.37,4.39
11.788,1.12,4.01,1.36,4.38
11.798,-0.68,4.66,1.49,4.94
11.808,-1.99,4.90,1.41,5.48
11.818,-2.81,4.79,0.96,5.64
11.828,-3.26,4.54,-0.50,5.61
11.838,-2.74,3.64,-2.44,5.17
11.848,-2.02,2.28,-3.44,4.60
11.858,-1.81,1.24,-3.72,4.32
11.868,-1.88,1.00,-3.54,4.13
11.878,-1.79,1.42,-3.53,4.20
11.888,-1.98,2.08,-3.72,4.70
11.898,-2.07,2.65,-3.78,5.07
11.909,-2.26,3.07,-3.54,5.20
11.919,-2.43,3.28,-2.87,5.00
11.929,-2.28,3.21,-2.17,4.49
11.939,-2.33,2.76,-1.88,4.07
11.949,-2.54,2.10,-1.74,3.73
11.959,-2.77,1.58,-1.54,3.54
11.969,-2.63,1.23,-1.32,3.19
11.979,-2.20,1.00,-1.17,2.69
11.989,-1.87,0.76,-1.08,2.29
11.999,-1.62,0.63,-0.71,1.88
12.009,-1.32,0.55,-0.36,1.47
12.019,-0.28,0.78,-0.51,0.97
12.029,0.78,0.90,-1.05,1.59
12.039,0.62,0.34,-1.47,1.63
12.049,0.07,-0.31,-1.43,1.46
12.059,-0.30,-0.82,-1.15,1.44
12.069,-0.59,-1.24,-0.88,1.63
12.079,-0.84,-1.54,-0.69,1.88
12.089,-0.92,-1.61,-0.63,1.95
12.100,-0.89,-1.62,-0.67,1.96
12.110,-0.69,-1.47,-0.80,1.81
12.120,-0.38,-1.21,-0.98,1.60
12.130,-0.16,-1.15,-1.13,1.62
12.140,-0.06,-1.41,-1.18,1.84
12.150,0.00,-1.88,-1.12,2.19
12.160,0.01,-2.18,-0.97,2.38
12.171,0.12,-2.47,-0.91,2.64
12.180,0.06,-2.84,-0.79,2.95
12.190,-0.19,-3.21,-0.61,3.28
12.200,-0.33,-3.35,-0.56,3.42
12.210,-0.48,-3.39,-0.64,3.48
12.220,-0.69,-3.43,-0.61,3.56
12.230,-0.83,-3.49,-0.56,3.63
12.241,-0.94,-3.48,-0.49,3.64
12.251,-1.00,-3.35,-0.30,3.51
12.260,-0.92,-3.01,-0.12,3.15
12.271,-0.73,-2.72,-0.03,2.82
12.281,-0.64,-2.55,-0.21,2.64
12.291,-0.69,-2.42,-0.44,2.55
12.301,-0.75,-2.25,-0.49,2.42
12.311,-0.70,-2.10,-0.40,2.25
12.321,-0.59,-1.92,-0.28,2.03
12.331,-0.52,-1.70,-0.16,1.78
12.341,-0.45,-1.44,0.13,1.51
12.351,-0.41,-1.14,0.36,1.26
12.361,-0.26,-0.77,0.35,0.88
12.371,-0.04,-0.51,0.37,0.64
12.381,0.20,-0.40,0.43,0.62
12.391,0.53,-0.42,0.60,0.90
12.401,0.88,-0.43,0.80,1.26
12.411,1.23,-0.37,0.96,1.61
12.421,1.54,-0.18,1.06,1.88
12.432,1.82,0.09,1.05,2.10
12.442,1.94,0.37,1.05,2.24
12.451,1.92,0.69,1.15,2.34
12.462,1.83,1.09,1.15,2.42
12.472,1.46,1.59,0.71,2.28
12.482,0.78,1.82,0.82,2.14
12.492,0.42,2.36,0.93,2.57
12.502,0.24,3.96,0.72,4.03
12.512,-0.07,5.93,1.05,6.02
12.522,-0.52,7.01,1.30,7.15
12.532,-0.90,6.82,1.15,6.97
12.542,-1.23,5.56,1.62,5.92
12.552,-1.15,4.51,1.34,4.85
12.562,-1.24,3.46,0.11,3.68
12.572,-1.73,2.45,-0.35,3.02
12.582,-2.02,1.70,-0.45,2.68
12.592,-1.90,1.04,-0.40,2.21
12.603,-1.43,0.55,-0.52,1.61
12.612,-1.00,0.16,-1.10,1.49
12.623,-0.81,-0.14,-1.43,1.65
12.633,-0.76,-0.24,-1.40,1.61
12.643,-0.72,-0.08,-1.41,1.58
12.653,-0.76,0.11,-1.57,1.75
12.663,-0.92,0.13,-1.68,1.92
12.673,-1.15,-0.02,-1.75,2.09
12.683,-1.35,-0.24,-1.77,2.24
12.693,-1.44,-0.42,-1.57,2.17
12.703,-1.42,-0.59,-1.20,1.95
12.713,-1.33,-0.80,-0.91,1.80
12.723,-1.26,-1.08,-0.73,1.81
12.733,-1.16,-1.36,-0.56,1.87
12.743,-0.89,-1.59,-0.43,1.87
12.753,-0.71,-1.71,-0.45,1.91
12.763,-0.49,-1.87,-0.52,2.00
12.774,-0.15,-2.08,-0.71,2.21
12.784,0.11,-2.34,-0.84,2.49
12.794,0.37,-2.59,-0.86,2.75
12.804,0.63,-2.78,-0.91,3.00
12.814,0.88,-2.91,-0.90,3.17
12.824,1.10,-2.97,-0.79,3.26
12.834,1.26,-2.94,-0.69,3.27
12.844,1.25,-2.84,-0.61,3.16
12.855,1.19,-2.61,-0.74,2.97
12.864,0.73,-2.07,-1.12,2.47
12.874,0.51,-1.82,-0.90,2.09
12.884,0.33,-1.61,-0.64,1.76
12.894,0.20,-1.48,-0.59,1.61
12.904,0.25,-1.25,-0.50,1.37
12.914,0.26,-0.94,-0.40,1.06
12.924,0.28,-0.74,-0.26,0.83
12.934,0.28,-0.55,-0.22,0.66
12.945,0.23,-0.41,-0.18,0.50
12.954,0.19,-0.37,-0.12,0.43
12.964,0.20,-0.36,0.01,0.41
12.975,0.40,-0.40,0.25,0.62
12.985,0.66,-0.34,0.49,0.89
12.995,0.88,-0.25,0.67,1.13
13.005,1.04,-0.23,0.69,1.27
13.015,1.00,-0.24,0.60,1.20
13.025,0.88,-0.22,0.54,1.06
13.035,0.75,-0.22,0.56,0.96
13.045,0.65,-0.20,0.50,0.84
13.055,0.62,-0.34,0.43,0.83
13.065,0.54,-0.60,0.43,0.92
13.075,0.48,-0.82,0.48,1.07
13.085,0.56,-0.94,0.57,1.23
13.095,0.72,-0.73,0.74,1.27
13.105,0.76,-0.34,0.86,1.20
13.115,0.72,0.07,0.86,1.12
13.125,0.62,0.22,0.83,1.06
13.135,0.47,0.10,0.87,0.99
13.145,0.38,0.04,0.94,1.01
13.156,0.38,0.09,1.02,1.09
13.166,0.44,0.15,1.09,1.19
13.176,0.57,0.23,1.21,1.36
13.186,0.75,0.45,1.35,1.61
13.196,0.95,0.90,1.32,1.86
13.206,1.00,1.28,1.12,1.97
13.216,0.71,1.26,0.91,1.71
13.226,0.28,1.23,0.86,1.53
13.236,0.11,1.61,0.90,1.85
13.246,0.34,2.03,0.70,2.17
13.256,0.74,2.22,0.45,2.38
13.266,1.00,2.56,0.20,2.75
13.276,1.04,3.37,0.10,3.53
13.286,0.87,4.43,0.21,4.52
13.297,0.87,5.36,0.37,5.44
13.307,1.11,5.77,0.28,5.88
13.317,1.36,5.56,-0.20,5.73
13.327,1.21,4.86,-0.96,5.10
13.337,0.56,3.91,-1.76,4.33
13.347,-0.10,2.90,-2.27,3.68
13.357,-0.63,1.88,-2.66,3.32
13.367,-1.26,0.92,-3.04,3.42
13.377,-1.78,0.11,-3.13,3.60
13.387,-2.11,-0.43,-2.67,3.43
13.397,-2.42,-0.56,-1.87,3.11
13.407,-2.50,-0.26,-1.33,2.84
13.417,-2.28,0.30,-1.21,2.60
13.427,-2.00,0.90,-0.92,2.38
13.437,-1.84,1.02,-0.57,2.18
13.447,-1.60,0.67,-0.30,1.76
13.457,-1.24,0.05,-0.11,1.25
13.467,-0.99,-0.49,-0.01,1.10
13.478,-0.72,-0.63,0.19,0.98
13.488,-0.26,-0.30,0.30,0.50
13.498,0.64,0.21,0.09,0.68
13.508,0.93,-0.03,-0.36,1.00
13.518,0.45,-0.60,-0.53,0.91
13.528,-0.03,-1.10,-0.69,1.29
13.538,-0.36,-1.52,-0.86,1.78
13.548,-0.65,-1.72,-0.87,2.03
13.558,-1.00,-1.85,-0.68,2.21
13.568,-1.23,-2.03,-0.49,2.43
13.578,-1.33,-2.21,-0.47,2.62
13.588,-1.37,-2.37,-0.51,2.78
13.598,-1.31,-2.41,-0.64,2.81
13.608,-1.11,-2.43,-0.74,2.77
13.618,-0.79,-2.60,-0.60,2.78
13.630,-0.65,-2.67,-0.52,2.79
13.638,-0.51,-2.57,-0.46,2.66
13.648,-0.29,-2.43,-0.30,2.46
13.658,-0.15,-2.26,-0.10,2.27
13.669,-0.10,-2.25,0.00,2.26
13.679,-0.02,-2.32,0.07,2.32
13.689,-0.00,-2.29,0.25,2.31
13.699,-0.01,-2.26,0.56,2.32
13.709,-0.14,-2.07,0.76,2.21
13.719,-0.14,-1.80,0.77,1.96
13.729,-0.02,-1.68,0.72,1.82
13.739,0.12,-1.66,0.52,1.74
13.749,0.16,-1.53,0.27,1.56
13.759,0.16,-1.32,0.22,1.34
13.769,0.19,-1.14,0.36,1.21
13.779,0.33,-0.95,0.55,1.15
13.789,0.47,-0.66,0.66,1.04
13.799,0.55,-0.30,0.79,1.01
13.810,0.60,0.03,0.90,1.08
13.819,0.57,0.26,1.07,1.24
13.829,0.52,0.38,1.26,1.41
13.840,0.46,0.46,1.46,1.60
13.850,0.51,0.64,1.44,1.66
13.860,0.75,0.86,1.32,1.74
13.870,0.97,1.05,1.17,1.85
13.880,1.10,1.22,1.13,1.99
13.890,1.16,1.41,1.06,2.11
13.900,1.09,1.29,1.31,2.14
13.910,1.02,0.86,1.83,2.27
13.920,1.20,1.47,1.56,2.46
13.930,1.05,2.98,1.09,3.34
13.940,0.43,4.29,0.80,4.38
13.950,-0.19,4.74,0.95,4.84
13.960,-0.89,4.64,1.06,4.84
13.970,-1.75,4.42,0.84,4.82
13.980,-2.30,3.98,0.47,4.62
13.990,-2.38,3.15,0.36,3.96
14.001,-1.84,2.51,0.45,3.15
14.011,-1.04,2.17,0.37,2.44
14.021,-0.36,1.78,0.22,1.83
14.031,0.22,1.38,-0.02,1.40
14.041,0.59,1.02,-0.28,1.22
14.051,0.64,0.58,-0.56,1.03
14.061,0.49,0.05,-0.80,0.94
14.071,0.24,-0.50,-1.02,1.17
14.081,-0.08,-0.94,-1.20,1.53
14.091,-0.44,-1.10,-1.32,1.77
14.101,-0.81,-1.02,-1.36,1.88
14.111,-1.04,-0.82,-1.34,1.89
14.121,-1.15,-0.64,-1.26,1.82
14.131,-1.15,-0.54,-1.17,1.73
14.141,-1.03,-0.58,-1.10,1.61
14.151,-0.82,-0.83,-1.00,1.54
14.162,-0.70,-1.07,-0.84,1.53
14.172,-0.59,-1.18,-0.64,1.47
14.182,-0.54,-1.26,-0.49,1.46
14.192,-0.53,-1.42,-0.36,1.55
14.202,-0.48,-1.60,-0.29,1.70
14.212,-0.33,-1.82,-0.22,1.86
14.222,-0.12,-2.05,-0.25,2.07
14.232,0.06,-2.39,-0.31,2.41
14.242,0.21,-2.72,-0.34,2.75
14.252,0.34,-2.89,-0.43,2.94
14.262,0.44,-3.06,-0.53,3.13
14.272,0.53,-2.97,-0.67,3.09
14.282,0.65,-2.69,-0.69,2.85
14.292,0.66,-2.37,-0.68,2.56
14.302,0.52,-2.07,-0.71,2.25
14.312,0.37,-1.81,-0.46,1.90
14.322,0.36,-1.67,-0.26,1.73
14.332,0.37,-1.49,-0.19,1.55
14.342,0.40,-1.11,-0.24,1.21
14.352,0.46,-0.60,-0.43,0.87
14.363,0.59,-0.17,-0.56,0.83
14.373,0.60,0.15,-0.53,0.82
14.383,0.51,0.36,-0.36,0.72
14.393,0.44,0.20,-0.17,0.51
14.403,0.43,-0.12,0.04,0.45
14.413,0.45,-0.42,0.27,0.67
14.423,0.59,-0.68,0.41,0.99
14.433,0.67,-0.82,0.48,1.16
14.443,0.74,-0.81,0.45,1.19
14.453,0.70,-0.74,0.38,1.08
14.463,0.57,-0.68,0.39,0.97
14.473,0.46,-0.63,0.48,0.91
14.483,0.30,-0.51,0.56,0.82
14.493,0.16,-0.38,0.69,0.80
14.503,0.17,-0.27,0.66,0.74
14.513,0.08,-0.07,0.55,0.56
14.524,0.03,0.15,0.69,0.70
14.533,0.12,0.28,0.73,0.79
14.544,0.25,0.27,0.68,0.77
14.554,0.52,0.11,0.65,0.84
14.564,0.81,-0.09,0.61,1.02
14.574,1.00,-0.24,0.73,1.27
14.584,1.22,-0.19,0.92,1.54
14.594,1.46,0.21,1.11,1.85
14.604,1.51,0.83,1.08,2.03
14.614,1.26,1.38,0.90,2.07
14.624,0.80,1.63,0.75,1.97
14.634,0.44,1.70,0.77,1.92
14.644,0.47,1.87,0.91,2.14
14.654,0.67,2.36,0.96,2.63
14.664,0.77,3.06,0.94,3.29
14.674,0.70,4.08,0.76,4.21
14.684,0.63,4.92,0.74,5.02
14.694,0.82,5.16,0.75,5.28
14.705,1.16,5.08,0.51,5.24
14.715,1.38,4.85,-0.16,5.05
14.725,1.28,4.35,-1.11,4.67
14.735,0.77,3.62,-2.07,4.24
14.745,-0.05,2.72,-2.67,3.81
14.755,-0.89,1.67,-2.93,3.49
14.765,-1.50,0.67,-2.97,3.39
14.775,-1.96,-0.13,-2.61,3.27
14.785,-2.22,-0.68,-2.12,3.15
14.795,-2.17,-0.92,-1.57,2.83
14.805,-1.91,-0.82,-0.98,2.29
14.815,-1.44,-0.33,-0.58,1.59
14.825,-1.04,0.06,-0.46,1.14
14.835,-0.89,0.22,-0.50,1.04
14.845,-0.89,0.38,-0.40,1.04
14.855,-0.94,0.52,-0.37,1.14
14.865,-1.17,0.52,-0.29,1.31
14.876,-0.99,0.59,-0.14,1.16
14.886,-0.55,0.35,-0.03,0.66
14.896,-0.46,-0.32,-0.06,0.57
14.906,-0.43,-0.99,-0.19,1.10
14.916,-0.27,-1.51,-0.35,1.57
14.926,-0.02,-1.75,-0.49,1.82
14.936,0.06,-1.89,-0.63,1.99
14.946,0.06,-2.04,-0.73,2.17
14.956,-0.03,-2.20,-0.75,2.32
14.966,-0.25,-2.13,-0.73,2.27
14.976,-0.44,-2.08,-0.73,2.24
14.986,-0.61,-2.06,-0.70,2.26
14.996,-0.80,-2.06,-0.56,2.28
15.006,-0.99,-2.12,-0.28,2.35
15.016,-0.99,-2.08,-0.13,2.30
15.026,-0.82,-1.94,-0.13,2.11
15.036,-0.51,-1.80,-0.19,1.88
15.047,-0.16,-1.74,-0.21,1.76
15.057,0.02,-1.76,-0.22,1.77
15.067,0.06,-1.71,-0.06,1.72
15.077,0.04,-1.67,0.11,1.68
15.087,-0.01,-1.58,0.31,1.61
15.097,-0.10,-1.44,0.35,1.49
15.107,-0.14,-1.44,0.16,1.45
15.117,-0.25,-1.57,0.06,1.59
15.127,-0.40,-1.68,0.21,1.74
15.137,-0.35,-1.68,0.38,1.76
15.147,-0.15,-1.55,0.47,1.63
15.157,0.08,-1.33,0.49,1.42
15.167,0.30,-1.09,0.44,1.21
15.177,0.42,-0.90,0.34,1.05
15.187,0.45,-0.76,0.30,0.93
15.197,0.48,-0.61,0.32,0.84
15.207,0.44,-0.45,0.48,0.79
15.217,0.33,-0.25,0.75,0.86
15.228,0.30,-0.12,1.09,1.14
15.240,0.43,-0.08,1.43,1.49
15.248,0.73,-0.07,1.47,1.65
15.258,1.07,-0.05,1.37,1.74
15.268,1.32,0.03,1.27,1.84
15.278,1.51,0.20,1.25,1.97
15.288,1.64,0.41,1.37,2.17
15.298,1.63,0.65,1.52,2.32
15.308,1.46,0.77,1.59,2.29
15.318,1.33,0.93,1.78,2.41
15.328,1.43,1.64,1.73,2.78
15.338,1.41,3.11,1.26,3.64
15.348,0.91,4.76,0.71,4.90
15.358,-0.10,5.44,0.49,5.46
15.368,-1.10,4.67,0.83,4.87
15.378,-1.78,3.54,1.37,4.20
15.388,-2.01,2.98,1.69,3.97
15.399,-1.61,3.23,1.53,3.92
15.409,-1.34,3.33,1.08,3.75
15.419,-1.30,2.62,0.82,3.03
15.429,-1.11,1.78,0.47,2.15
15.439,-0.96,1.36,0.19,1.67
15.449,-0.75,1.38,0.06,1.57
15.459,-0.48,1.33,-0.06,1.42
15.469,-0.28,0.96,-0.17,1.01
15.479,-0.20,0.33,-0.53,0.66
15.489,-0.22,-0.41,-1.00,1.10
15.499,-0.30,-1.00,-1.32,1.69
15.509,-0.38,-1.24,-1.47,1.96
15.519,-0.42,-1.20,-1.49,1.96
15.529,-0.47,-1.06,-1.34,1.77
15.539,-0.55,-0.85,-1.22,1.59
15.549,-0.57,-0.81,-1.09,1.48
15.559,-0.37,-0.98,-0.94,1.41
15.570,-0.11,-1.11,-0.74,1.34
15.580,0.10,-1.06,-0.53,1.19
15.590,0.27,-1.00,-0.40,1.11
15.600,0.34,-0.89,-0.32,1.01
15.610,0.27,-0.85,-0.27,0.93
15.620,0.21,-1.04,-0.34,1.11
15.630,0.20,-1.38,-0.43,1.46
15.640,0.09,-1.76,-0.56,1.85
15.650,0.04,-2.12,-0.75,2.25
15.660,0.10,-2.48,-0.89,2.63
15.670,0.12,-2.68,-0.88,2.83
15.680,0.27,-2.82,-0.81,2.95
15.690,0.34,-2.70,-0.76,2.82
15.700,0.49,-2.33,-0.67,2.47
15.710,0.43,-2.01,-0.71,2.18
15.720,0.33,-1.78,-0.63,1.91
15.730,0.16,-1.56,-0.59,1.68
15.741,-0.03,-1.38,-0.63,1.52
15.750,-0.21,-1.24,-0.59,1.39
15.761,-0.21,-1.20,-0.43,1.29
15.771,-0.07,-1.27,-0.18,1.28
15.781,0.12,-1.31,0.03,1.31
15.791,0.41,-1.25,0.04,1.32
15.801,0.65,-1.17,-0.10,1.34
15.811,0.90,-1.02,-0.17,1.37
15.821,1.13,-0.89,-0.22,1.45
15.831,1.19,-0.81,-0.19,1.46
15.841,1.17,-0.72,-0.07,1.37
15.851,1.02,-0.49,0.14,1.14
15.861,0.78,-0.23,0.34,0.88
15.871,0.66,-0.00,0.40,0.77
15.881,0.59,0.21,0.45,0.77
15.891,0.45,0.33,0.57,0.80
15.901,0.47,0.31,0.71,0.90
15.912,0.64,0.25,0.73,1.00
15.921,0.80,0.20,0.79,1.14
15.932,0.99,0.15,0.83,1.30
15.942,1.12,0.08,0.86,1.41
15.952,1.13,-0.06,0.84,1.41
15.962,1.03,-0.06,0.81,1.32
15.972,0.98,0.08,0.86,1.31
15.982,0.92,0.33,0.92,1.34
15.992,0.83,0.68,0.79,1.34
16.002,0.76,1.11,0.52,1.44
16.012,0.56,1.33,0.43,1.51
16.022,0.42,1.44,0.64,1.64
16.032,0.59,1.63,1.07,2.04
16.042,0.97,2.16,1.08,2.60
16.052,1.43,2.84,0.44,3.22
16.062,2.08,3.24,0.13,3.85
16.072,2.64,3.31,-0.00,4.23
16.082,2.36,3.46,-0.18,4.19
16.092,1.46,3.88,-0.18,4.15
16.103,0.95,4.27,-0.07,4.38
16.113,0.71,4.49,-0.19,4.55
16.123,0.31,4.25,-0.47,4.29
16.133,-0.33,3.42,-0.80,3.53
16.143,-0.99,2.36,-1.20,2.83
16.153,-1.40,1.48,-1.66,2.63
16.163,-1.62,0.73,-2.05,2.72
16.173,-1.82,-0.03,-2.26,2.90
16.183,-2.00,-0.60,-2.27,3.08
16.193,-2.03,-0.85,-2.08,3.03
16.203,-1.93,-0.80,-1.70,2.70
16.213,-1.73,-0.38,-1.39,2.25
16.223,-1.53,0.27,-1.39,2.08
16.233,-1.43,0.75,-1.21,2.02
16.244,-1.44,0.88,-0.70,1.83
16.253,-1.54,0.64,-0.37,1.71
16.264,-1.59,0.35,0.05,1.63
16.274,-1.46,-0.01,0.41,1.52
16.284,-1.04,-0.33,0.43,1.18
16.294,-0.54,-0.09,0.21,0.59
16.304,0.13,0.39,-0.10,0.43
16.314,0.71,0.51,-0.46,0.99
16.324,0.48,0.02,-0.56,0.74
16.334,0.01,-0.61,-0.44,0.75
16.344,-0.09,-1.18,-0.29,1.22
16.354,-0.13,-1.53,-0.26,1.56
16.364,-0.26,-1.73,-0.25,1.77
16.374,-0.37,-1.98,-0.30,2.03
16.384,-0.29,-2.15,-0.40,2.21
16.394,-0.22,-2.28,-0.50,2.35
16.404,-0.43,-2.36,-0.57,2.47
16.414,-0.65,-2.33,-0.55,2.47
16.425,-0.64,-2.31,-0.45,2.44
16.434,-0.57,-2.33,-0.32,2.42
16.445,-0.57,-2.24,-0.26,2.32
16.455,-0.43,-2.20,-0.16,2.25
16.464,-0.30,-2.21,-0.07,2.23
16.475,-0.32,-2.19,-0.04,2.22
16.485,-0.34,-2.13,-0.08,2.15
16.495,-0.33,-1.99,-0.18,2.03
16.505,-0.32,-1.89,-0.18,1.93
16.515,-0.35,-1.87,-0.03,1.90
16.525,-0.43,-1.86,0.17,1.91
16.535,-0.47,-1.75,0.39,1.86
16.545,-0.39,-1.50,0.45,1.61
16.555,-0.14,-1.25,0.34,1.30
16.565,0.20,-1.09,0.14,1.12
16.575,0.47,-1.02,0.01,1.12
16.585,0.66,-1.04,0.05,1.24
16.595,0.76,-1.04,0.28,1.32
16.605,0.78,-0.90,0.55,1.31
16.615,0.73,-0.66,0.66,1.19
16.626,0.66,-0.44,0.81,1.13
16.636,0.52,-0.25,0.91,1.08
16.646,0.43,-0.14,0.94,1.04
16.656,0.40,-0.17,1.04,1.13
16.666,0.37,-0.28,1.24,1.32
16.676,0.43,-0.28,1.31,1.40
16.686,0.52,-0.15,1.28,1.39
16.696,0.63,0.05,1.26,1.41
16.706,0.78,0.29,1.32,1.56
16.716,1.00,0.57,1.46,1.86
16.726,1.15,0.81,1.56,2.10
16.736,1.19,0.97,1.55,2.18
16.746,1.07,0.88,1.75,2.23
16.756,1.03,0.91,1.71,2.20
16.766,1.11,1.82,1.23,2.46
16.776,0.86,3.45,0.95,3.68
16.786,0.17,4.88,0.80,4.95
16.799,-0.69,5.26,0.91,5.38
16.807,-1.15,4.89,1.36,5.21
16.817,-1.13,4.82,1.61,5.21
16.827,-1.23,4.94,1.25,5.25
16.837,-1.34,4.52,0.78,4.78
16.847,-1.48,3.49,0.26,3.80
16.857,-1.30,2.44,0.09,2.77
16.867,-0.83,1.78,-0.14,1.97
16.877,-0.38,1.34,-0.17,1.40
16.887,-0.14,0.83,-0.29,0.89
16.897,-0.19,0.28,-0.54,0.64
16.907,-0.36,-0.29,-0.74,0.87
16.917,-0.53,-0.84,-0.91,1.35
16.927,-0.73,-1.28,-1.10,1.83
16.937,-0.93,-1.44,-1.30,2.15
16.947,-1.14,-1.29,-1.37,2.20
16.957,-1.25,-0.86,-1.32,2.01
16.967,-1.11,-0.40,-1.19,1.68
16.978,-0.88,-0.19,-1.07,1.40
16.988,-0.64,-0.24,-1.00,1.21
16.998,-0.39,-0.44,-0.98,1.14
17.008,-0.24,-0.77,-0.99,1.28
17.018,-0.19,-1.12,-0.93,1.46
17.028,-0.18,-1.31,-0.77,1.53
17.038,-0.20,-1.41,-0.68,1.58
17.048,-0.18,-1.61,-0.59,1.72
17.058,-0.15,-1.89,-0.53,1.97
17.068,-0.08,-2.31,-0.49,2.37
17.078,-0.01,-2.78,-0.52,2.83
17.088,0.16,-3.30,-0.61,3.36
17.098,0.29,-3.60,-0.65,3.67
17.108,0.23,-3.26,-0.67,3.34
17.118,0.37,-3.08,-0.73,3.18
17.129,0.47,-2.90,-0.70,3.02
17.138,0.43,-2.67,-0.61,2.78
17.148,0.42,-2.49,-0.50,2.57
17.159,0.31,-2.10,-0.41,2.16
17.169,0.12,-1.62,-0.43,1.68
17.179,0.02,-1.17,-0.50,1.27
17.189,0.07,-0.80,-0.57,0.99
17.199,0.21,-0.57,-0.50,0.79
17.209,0.39,-0.54,-0.36,0.75
17.219,0.57,-0.55,-0.13,0.81
17.229,0.79,-0.51,0.08,0.94
17.239,1.04,-0.41,0.24,1.14
17.249,1.16,-0.24,0.24,1.21
17.259,1.24,-0.12,0.21,1.27
17.269,1.15,-0.20,0.25,1.20
17.279,0.91,-0.36,0.34,1.03
17.289,0.70,-0.44,0.47,0.95
17.299,0.55,-0.47,0.65,0.97
17.309,0.43,-0.53,0.73,1.00
17.319,0.39,-0.46,0.70,0.92
17.330,0.38,-0.15,0.51,0.65
17.340,0.33,0.12,0.48,0.60
17.350,0.27,0.16,0.58,0.66
17.360,0.31,0.05,0.73,0.79
17.370,0.46,-0.11,0.82,0.95
17.380,0.69,-0.11,0.78,1.05
17.390,0.91,0.06,0.70,1.15
17.400,0.98,0.22,0.72,1.24
17.410,1.01,0.30,0.73,1.28
17.420,0.87,0.39,0.69,1.17
17.430,0.72,0.66,0.72,1.21
17.440,0.63,1.06,0.78,1.46
17.450,0.64,1.46,0.95,1.85
17.461,0.64,1.80,1.19,2.25
17.470,0.55,2.13,1.61,2.72
17.481,0.72,2.68,1.67,3.23
17.491,1.27,3.12,1.34,3.63
17.501,2.02,3.49,1.05,4.17
17.511,2.41,4.06,0.80,4.79
17.521,2.10,4.62,0.49,5.09
17.531,1.62,4.67,0.14,4.95
17.541,1.10,4.35,-0.11,4.48
17.551,0.78,3.92,-0.34,4.01
17.561,0.46,3.37,-0.87,3.51
17.571,-0.17,2.59,-1.52,3.01
17.581,-0.83,1.79,-2.05,2.85
17.591,-1.25,0.92,-2.36,2.83
17.601,-1.53,0.12,-2.51,2.94
17.611,-1.76,-0.44,-2.50,3.09
17.621,-1.91,-0.60,-2.35,3.08
17.631,-1.79,-0.28,-1.98,2.68
17.641,-1.43,0.53,-1.58,2.20
17.651,-1.02,1.31,-1.33,2.13
17.662,-0.83,1.59,-1.17,2.14
17.672,-0.94,1.45,-0.93,1.96
17.682,-1.06,0.94,-0.51,1.51
17.692,-1.14,0.25,-0.09,1.17
17.702,-1.17,-0.32,0.08,1.21
17.712,-1.00,-0.45,0.14,1.11
17.722,-0.36,-0.34,0.14,0.51
17.732,-0.06,-0.44,-0.09,0.46
17.742,-0.22,-0.85,-0.40,0.96
17.752,-0.39,-1.35,-0.64,1.54
17.762,-0.44,-1.62,-0.62,1.79
17.772,-0.49,-1.67,-0.44,1.79
17.782,-0.53,-1.73,-0.35,1.84
17.792,-0.43,-1.65,-0.32,1.74
17.802,-0.39,-1.60,-0.36,1.68
17.812,-0.56,-1.64,-0.51,1.81
17.822,-0.73,-1.75,-0.61,1.99
17.832,-0.74,-1.84,-0.55,2.06
17.843,-0.64,-2.00,-0.49,2.16
17.853,-0.44,-2.02,-0.34,2.09
17.863,-0.22,-1.90,-0.28,1.93
17.873,0.17,-1.80,-0.29,1.83
17.883,0.38,-1.82,-0.29,1.88
17.893,0.30,-1.94,-0.22,1.98
17.903,0.16,-2.02,-0.12,2.03
17.913,0.05,-2.06,-0.02,2.06
17.923,-0.20,-2.13,0.09,2.15
17.933,-0.44,-2.21,0.29,2.27
17.943,-0.41,-2.31,0.44,2.38
17.953,-0.34,-2.30,0.44,2.36
17.963,-0.28,-2.20,0.37,2.25
17.973,-0.21,-2.16,0.36,2.20
17.983,-0.10,-2.11,0.47,2.16
17.993,0.14,-1.93,0.55,2.01
18.004,0.40,-1.64,0.57,1.78
18.014,0.64,-1.31,0.75,1.64
18.024,0.81,-0.95,1.02,1.61
18.034,0.93,-0.67,1.14,1.62
18.044,1.05,-0.35,0.95,1.46
18.054,1.06,-0.04,0.80,1.33
18.064,0.94,0.24,0.80,1.25
18.074,0.75,0.49,0.74,1.16
18.084,0.45,0.73,0.85,1.21
18.094,0.20,0.88,0.94,1.30
18.104,0.05,0.81,0.95,1.25
18.114,0.02,0.59,0.92,1.10
18.124,0.04,0.33,0.98,1.04
18.134,0.13,0.17,1.05,1.08
18.144,0.18,0.13,1.21,1.23
18.154,0.19,0.21,1.58,1.61
18.164,0.24,0.45,1.82,1.89
18.174,0.26,0.84,1.71,1.92
18.184,0.19,0.81,2.02,2.18
18.195,0.22,0.94,2.21,2.41
18.205,0.53,2.00,1.90,2.81
18.215,0.62,3.71,1.58,4.08
18.225,0.20,4.89,1.16,5.03
18.235,-0.41,4.83,1.05,4.96
18.245,-0.92,4.29,1.28,4.57
18.255,-1.04,3.78,2.00,4.40
18.265,-0.52,4.03,2.13,4.59
18.275,-0.28,4.08,1.38,4.32
18.285,-0.18,3.20,0.83,3.31
18.295,-0.38,2.21,0.01,2.25
18.305,-0.62,1.25,-0.75,1.59
18.315,-0.58,0.24,-1.14,1.30
18.325,-0.42,-0.52,-1.30,1.46
18.335,-0.47,-0.87,-1.44,1.75
18.345,-0.60,-1.10,-1.44,1.90
18.355,-0.80,-1.34,-1.34,2.05
18.365,-0.95,-1.34,-1.16,2.01
18.376,-1.06,-1.05,-0.98,1.78
18.386,-1.11,-0.60,-0.81,1.50
18.396,-1.02,-0.10,-0.82,1.31
18.406,-0.84,0.40,-0.97,1.34
18.416,-0.52,0.63,-1.03,1.32
18.426,-0.17,0.49,-0.96,1.09
18.436,0.14,0.03,-0.92,0.93
18.446,0.22,-0.53,-0.88,1.05
18.456,0.15,-1.03,-0.87,1.36
18.466,0.00,-1.51,-0.79,1.70
18.476,-0.20,-1.80,-0.76,1.97
18.486,-0.36,-2.04,-0.74,2.20
18.496,-0.40,-2.26,-0.66,2.39
18.506,-0.36,-2.46,-0.58,2.55
18.516,-0.24,-2.56,-0.42,2.60
18.526,0.06,-2.59,-0.38,2.62
18.536,0.47,-2.76,-0.43,2.83
18.547,0.43,-2.61,-0.46,2.68
18.557,0.31,-2.37,-0.53,2.45
18.567,0.42,-2.18,-0.76,2.35
18.577,0.31,-1.88,-0.74,2.04
18.587,0.20,-1.70,-0.86,1.91
18.597,0.15,-1.71,-0.89,1.93
18.607,0.05,-1.69,-0.73,1.85
18.617,0.14,-1.72,-0.51,1.80
18.627,0.28,-1.60,-0.30,1.65
18.637,0.46,-1.39,-0.25,1.48
18.647,0.61,-1.22,-0.24,1.38
18.657,0.85,-1.24,-0.26,1.53
18.667,0.96,-1.25,-0.35,1.62
18.677,0.97,-1.06,-0.34,1.48
18.687,0.93,-0.89,-0.33,1.33
18.697,0.87,-0.75,-0.30,1.19
18.707,0.73,-0.61,-0.10,0.96
18.718,0.58,-0.58,0.13,0.83
18.728,0.47,-0.61,0.43,0.88
18.738,0.39,-0.58,0.60,0.92
18.748,0.38,-0.60,0.72,1.01
18.758,0.43,-0.62,0.79,1.09
18.768,0.57,-0.58,0.78,1.13
18.778,0.72,-0.45,0.76,1.14
18.788,0.90,-0.34,0.65,1.16
18.800,1.01,-0.33,0.62,1.23
18.808,1.07,-0.37,0.68,1.32
18.818,1.12,-0.40,0.81,1.44
18.828,1.21,-0.41,0.92,1.57
18.838,1.33,-0.49,0.93,1.69
18.848,1.36,-0.63,0.88,1.74
18.858,1.42,-0.82,0.89,1.86
18.868,1.43,-0.97,1.02,2.00
18.878,1.42,-0.95,1.15,2.06
18.888,1.48,-0.85,1.11,2.04
18.899,1.59,-0.68,0.97,1.99
18.909,1.52,-0.34,0.88,1.80
18.919,1.31,0.12,0.82,1.55
18.929,1.04,0.48,0.91,1.46
18.939,0.81,0.69,1.00,1.46
18.949,0.64,0.88,0.99,1.47
18.959,0.50,1.05,0.98,1.52
18.969,0.44,1.08,1.04,1.56
18.979,0.50,0.99,1.25,1.67
18.989,0.68,0.89,1.57,1.93
18.999,0.94,0.69,1.92,2.25
19.009,1.23,0.53,2.23,2.60
19.019,1.47,0.56,2.39,2.86
19.029,1.58,1.01,2.32,2.98
19.039,1.71,1.61,1.98,3.08
19.049,1.88,1.96,1.67,3.19
19.060,1.81,2.02,1.15,2.94
19.070,1.16,2.07,0.49,2.43
19.080,0.49,2.45,-0.09,2.50
19.090,-0.07,3.00,-0.88,3.12
19.100,-0.80,3.26,-1.53,3.69
19.110,-1.73,2.97,-1.80,3.88
19.120,-2.49,2.25,-2.00,3.91
19.130,-2.79,1.25,-2.36,3.86
19.140,-2.89,0.15,-2.65,3.92
19.150,-2.89,-0.89,-2.67,4.04
19.160,-2.55,-1.85,-2.65,4.12
19.170,-2.12,-2.60,-2.64,4.26
19.180,-1.48,-2.95,-2.48,4.13
19.190,-0.75,-2.70,-2.09,3.50
19.200,-0.07,-1.84,-1.59,2.43
19.210,0.28,-0.72,-1.22,1.44
19.220,0.25,0.42,-0.93,1.05
19.231,0.30,1.09,-0.78,1.37
19.241,0.18,1.16,-0.65,1.34
19.251,-0.19,1.08,-0.40,1.17
19.261,-0.51,0.97,-0.08,1.10
19.271,-0.70,0.82,0.16,1.09
19.281,-0.73,0.59,0.21,0.96
19.291,-0.59,0.37,0.06,0.70
19.301,-0.46,0.29,-0.16,0.57
19.311,-0.19,0.24,-0.41,0.51
19.321,0.26,0.25,-0.69,0.78
19.331,0.56,0.10,-0.84,1.01
19.341,0.50,-0.20,-0.69,0.87
19.351,0.45,-0.53,-0.41,0.81
19.361,0.33,-0.78,-0.20,0.87
19.371,0.18,-0.96,-0.01,0.98
19.381,-0.10,-1.08,0.14,1.09
19.391,-0.31,-1.28,0.25,1.34
19.402,-0.48,-1.47,0.38,1.59
19.412,-0.59,-1.52,0.51,1.71
19.422,-0.59,-1.49,0.62,1.72
19.432,-0.40,-1.49,0.66,1.68
19.442,-0.30,-1.34,0.66,1.53
19.452,-0.19,-1.16,0.60,1.32
19.462,0.03,-1.09,0.49,1.19
19.472,0.19,-1.04,0.39,1.13
19.482,0.33,-1.09,0.35,1.19
19.492,0.37,-1.12,0.38,1.24
19.502,0.30,-1.11,0.37,1.21
19.512,0.06,-1.14,0.46,1.23
19.522,-0.17,-1.22,0.43,1.31
19.532,-0.26,-1.20,0.46,1.31
19.542,-0.22,-1.09,0.73,1.33
19.552,-0.09,-1.00,1.05,1.45
19.562,0.14,-0.98,1.17,1.53
19.572,0.40,-1.02,1.12,1.57
19.582,0.64,-1.06,1.12,1.67
19.593,0.80,-1.13,1.22,1.85
19.602,1.07,-1.11,1.33,2.04
19.613,1.28,-0.81,1.11,1.88
19.623,1.05,-0.43,0.61,1.29
19.633,0.82,-0.24,0.37,0.93
19.643,0.69,0.03,0.57,0.90
19.653,0.28,0.18,0.81,0.88
19.663,-0.03,0.22,0.84,0.87
19.673,-0.10,0.28,0.93,0.98
19.683,-0.06,0.35,0.93,0.99
19.693,0.01,0.41,0.91,1.00
19.703,0.05,0.42,1.16,1.24
19.713,0.18,0.36,1.53,1.58
19.723,0.66,0.24,1.88,2.01
19.734,1.37,0.10,2.25,2.64
19.743,2.13,-0.01,2.58,3.35
19.753,2.69,0.03,2.73,3.83
19.764,3.03,0.31,2.60,4.00
19.774,3.21,1.12,2.14,4.02
19.784,2.96,2.58,1.31,4.14
19.794,2.24,4.13,0.95,4.79
19.804,1.05,5.12,0.75,5.28
19.814,-0.72,5.30,0.16,5.35
19.824,-2.68,4.55,-0.20,5.29
19.834,-3.92,3.27,-0.46,5.12
19.844,-3.68,2.16,-0.37,4.28
19.854,-2.84,1.45,-0.04,3.19
19.864,-2.12,0.82,0.56,2.34
19.874,-1.31,0.12,0.82,1.55
19.884,-0.44,-0.60,0.65,0.99
19.894,0.12,-1.32,0.12,1.33
19.904,0.37,-1.69,-0.73,1.88
19.914,0.37,-1.80,-1.38,2.30
19.925,0.19,-1.71,-1.85,2.53
19.934,-0.20,-1.42,-2.28,2.69
19.945,-0.84,-1.03,-2.51,2.84
19.955,-1.54,-0.47,-2.40,2.89
19.965,-2.13,0.08,-2.36,3.18
19.975,-2.44,0.46,-2.26,3.36
19.985,-2.43,0.50,-2.07,3.24
19.995,-2.08,0.23,-1.96,2.87
20.005,-1.59,-0.08,-1.77,2.38
20.015,-1.14,-0.23,-1.58,1.96
20.025,-0.73,-0.22,-1.41,1.60
20.035,-0.29,-0.43,-1.11,1.22
20.045,-0.29,-0.37,-0.81,0.94
20.055,-0.30,-0.44,-0.81,0.97
20.065,-0.17,-0.71,-0.88,1.14
20.075,-0.06,-0.73,-0.98,1.23
20.085,-0.06,-0.61,-1.00,1.17
20.095,-0.02,-0.50,-0.93,1.06
20.105,0.01,-0.53,-0.84,0.99
20.116,0.02,-0.62,-0.79,1.00
20.126,-0.02,-0.71,-0.76,1.04
20.136,0.01,-0.70,-0.63,0.94
20.146,0.22,-0.53,-0.41,0.71
20.156,0.35,-0.31,-0.30,0.55
20.166,0.39,-0.23,-0.24,0.51
20.176,0.42,-0.36,-0.25,0.61
20.186,0.34,-0.54,-0.14,0.65
20.196,0.37,-0.62,0.03,0.72
20.206,0.52,-0.64,0.16,0.84
20.216,0.72,-0.64,0.19,0.98
20.226,0.92,-0.57,-0.04,1.09
20.236,1.00,-0.48,-0.30,1.15
20.246,0.94,-0.41,-0.34,1.08
20.256,0.86,-0.35,-0.36,1.00
20.266,0.77,-0.34,-0.42,0.94
20.277,0.65,-0.39,-0.46,0.88
20.286,0.47,-0.41,-0.38,0.73
20.297,0.28,-0.35,-0.30,0.54
20.307,0.23,-0.23,-0.18,0.37
20.317,0.23,-0.05,-0.11,0.26
20.327,0.22,0.14,-0.05,0.27
20.337,0.28,0.12,0.07,0.31
20.347,0.37,-0.03,0.17,0.40
20.357,0.41,-0.03,0.22,0.46
20.367,0.59,-0.01,0.19,0.62
20.377,0.60,0.01,0.13,0.61
20.387,0.41,-0.12,0.23,0.48
20.397,0.26,-0.33,0.35,0.55
20.407,0.12,-0.51,0.54,0.75
20.417,-0.07,-0.61,0.81,1.01
20.427,-0.14,-0.64,0.96,1.16
20.437,-0.06,-0.59,1.07,1.23
20.448,0.12,-0.51,1.16,1.27
20.458,0.28,-0.41,1.10,1.21
20.468,0.48,-0.23,0.93,1.07
20.478,0.74,0.15,0.82,1.12
20.488,0.99,0.62,0.85,1.44
20.498,1.22,0.98,0.93,1.82
20.508,1.37,1.22,0.99,2.08
20.518,1.60,1.46,1.00,2.38
20.528,1.86,1.82,0.88,2.74
20.538,2.11,1.93,0.93,3.01
20.548,2.31,1.83,1.36,3.24
20.558,2.44,1.80,1.82,3.54
20.568,2.15,2.25,1.90,3.65
20.578,1.37,3.05,1.64,3.72
20.588,0.35,3.71,1.35,3.97
20.598,-0.82,4.05,1.32,4.33
20.608,-1.51,4.13,1.06,4.52
20.618,-1.40,3.96,0.26,4.20
20.629,-1.11,3.43,-0.87,3.71
20.639,-0.92,2.61,-1.98,3.41
20.649,-1.00,1.69,-2.67,3.31
20.659,-1.00,0.82,-2.87,3.15
20.669,-0.78,0.14,-2.70,2.82
20.679,-0.54,-0.22,-2.44,2.51
20.689,-0.52,-0.16,-2.35,2.41
20.699,-0.78,0.22,-2.60,2.72
20.709,-0.91,0.68,-2.80,3.02
20.719,-1.11,1.22,-2.61,3.09
20.729,-1.28,1.62,-2.30,3.09
20.739,-1.37,1.74,-2.31,3.20
20.749,-1.50,1.61,-2.21,3.12
20.759,-1.67,1.11,-1.69,2.62
20.769,-1.72,0.42,-1.12,2.09
20.779,-1.53,-0.24,-0.75,1.72
20.789,-1.37,-0.69,-0.65,1.66
20.799,-1.30,-0.84,-0.72,1.70
20.809,-1.33,-0.85,-0.69,1.72
20.820,-1.43,-0.82,-0.62,1.77
20.830,-1.52,-0.71,-0.51,1.75
20.840,-1.28,-0.34,-0.43,1.39
20.850,-1.05,-0.08,-0.41,1.13
20.860,-1.21,-0.01,-0.41,1.28
20.870,-1.33,0.03,-0.42,1.39
20.880,-1.28,0.05,-0.38,1.34
20.890,-1.14,-0.00,-0.50,1.25
20.900,-0.91,-0.06,-0.78,1.20
20.910,-0.63,-0.15,-1.03,1.22
20.920,-0.43,-0.34,-1.10,1.22
20.930,-0.36,-0.53,-1.13,1.30
20.940,-0.42,-0.77,-1.18,1.46
20.950,-0.62,-1.10,-1.16,1.71
20.960,-0.76,-1.36,-1.06,1.88
20.970,-0.74,-1.53,-1.00,1.97
20.981,-0.64,-1.73,-0.95,2.07
20.991,-0.60,-1.94,-0.82,2.19
21.000,-0.77,-2.16,-0.62,2.38
21.011,-0.96,-2.24,-0.41,2.47
21.021,-1.04,-2.22,-0.19,2.46
21.031,-1.10,-2.22,0.05,2.48
21.041,-1.04,-2.26,0.07,2.49
21.051,-0.86,-2.34,0.00,2.50
21.061,-0.62,-2.31,-0.01,2.39
21.071,-0.33,-2.12,-0.03,2.14
21.081,-0.00,-1.79,0.02,1.79
21.091,0.37,-1.46,0.07,1.51
21.101,0.62,-1.14,0.10,1.30
21.111,0.81,-0.83,0.10,1.16
21.121,0.82,-0.74,0.16,1.12
21.131,0.68,-0.73,0.18,1.02
21.141,0.57,-0.80,0.06,0.99
21.151,0.40,-0.94,-0.09,1.02
21.162,0.17,-0.95,-0.33,1.02
21.172,0.03,-0.84,-0.42,0.94
21.182,-0.14,-0.66,-0.39,0.78
21.192,-0.37,-0.46,-0.32,0.67
21.202,-0.57,-0.32,-0.13,0.67
21.212,-0.68,-0.17,0.13,0.72
21.222,-0.73,0.04,0.42,0.84
21.232,-0.58,0.28,0.57,0.86
21.242,-0.27,0.43,0.69,0.86
21.252,0.15,0.31,0.72,0.80
21.262,0.58,-0.07,0.61,0.85
21.272,0.85,-0.50,0.67,1.20
21.282,1.00,-0.73,0.89,1.52
21.292,0.99,-0.72,1.06,1.62
21.302,0.92,-0.64,1.18,1.62
21.312,0.75,-0.55,1.19,1.51
21.323,0.62,-0.41,1.17,1.39
21.333,0.62,-0.26,1.07,1.26
21.343,0.73,-0.00,1.03,1.26
21.353,0.86,0.26,1.04,1.37
21.363,0.83,0.49,1.12,1.47
21.373,0.76,0.62,1.21,1.56
21.385,0.66,0.72,1.19,1.53
21.393,0.44,0.69,1.23,1.48
21.403,0.21,0.41,1.41,1.48
21.413,0.09,0.30,1.41,1.45
21.423,0.13,0.76,1.21,1.44
21.433,0.25,1.80,0.99,2.07
21.443,0.32,3.07,0.92,3.23
21.453,0.20,3.86,0.92,3.97
21.463,-0.09,3.93,1.04,4.06
21.473,-0.35,3.72,1.37,3.97
21.483,-0.39,3.80,1.47,4.10
21.494,-0.26,4.28,1.23,4.46
21.504,-0.06,4.74,1.41,4.94
21.514,-0.13,4.78,1.37,4.97
21.524,-0.43,4.02,1.07,4.18
21.534,-0.93,3.09,0.32,3.25
21.544,-1.11,2.46,-0.33,2.72
21.554,-0.86,2.11,-0.47,2.32
21.564,-0.54,1.80,-0.34,1.91
21.574,-0.32,1.31,-0.38,1.40
21.584,-0.28,0.75,-0.73,1.09
21.594,-0.34,0.25,-1.18,1.25
21.604,-0.46,-0.31,-1.57,1.67
21.614,-0.58,-0.90,-1.76,2.06
21.624,-0.65,-1.26,-1.79,2.28
21.634,-0.84,-1.26,-1.60,2.20
21.644,-1.04,-1.05,-1.22,1.92
21.654,-1.15,-0.86,-0.90,1.70
21.665,-1.16,-0.82,-0.78,1.62
21.675,-1.06,-0.84,-0.85,1.60
21.685,-0.94,-1.02,-0.94,1.67
21.695,-0.83,-1.25,-0.94,1.78
21.705,-0.74,-1.50,-0.89,1.90
21.715,-0.67,-1.82,-0.77,2.09
21.725,-0.54,-2.08,-0.72,2.26
21.735,-0.36,-2.29,-0.76,2.44
21.745,-0.13,-2.41,-0.89,2.57
21.755,-0.00,-2.50,-0.96,2.68
21.765,0.13,-2.73,-0.87,2.87
21.775,0.26,-2.96,-0.75,3.06
21.785,0.35,-3.17,-0.73,3.27
21.795,0.30,-3.23,-0.84,3.35
21.805,0.38,-3.28,-0.92,3.43
21.815,0.49,-3.22,-0.88,3.37
21.825,0.55,-3.15,-0.82,3.30
21.835,0.57,-2.87,-0.65,3.00
21.845,0.63,-2.37,-0.50,2.51
21.856,0.67,-1.73,-0.47,1.91
21.866,0.66,-1.02,-0.45,1.30
21.876,0.50,-0.47,-0.41,0.80
21.886,0.38,-0.21,-0.38,0.57
21.896,0.35,-0.21,-0.36,0.55
21.906,0.38,-0.12,-0.20,0.45
21.916,0.57,0.03,-0.01,0.57
21.926,0.77,0.10,0.09,0.79
21.936,0.89,-0.02,0.18,0.91
21.946,0.81,-0.11,0.19,0.84
21.956,0.73,-0.20,0.23,0.78
21.966,0.58,-0.25,0.29,0.70
21.976,0.42,-0.25,0.31,0.58
21.986,0.17,-0.20,0.27,0.38
21.997,-0.12,-0.17,0.31,0.37
22.006,-0.22,-0.16,0.43,0.51
22.016,-0.27,-0.24,0.57,0.68
22.027,-0.27,-0.38,0.69,0.83
22.037,-0.06,-0.51,0.70,0.86
22.047,0.14,-0.53,0.58,0.80
22.057,0.22,-0.52,0.44,0.71
22.067,0.36,-0.39,0.32,0.62
22.077,0.53,-0.23,0.32,0.66
22.087,0.63,-0.02,0.38,0.73
22.097,0.68,0.03,0.52,0.86
22.107,0.67,-0.11,0.72,0.99
22.117,0.66,-0.17,0.90,1.13
22.127,0.76,-0.08,1.01,1.27
22.137,0.85,0.10,1.01,1.32
22.147,0.92,0.15,1.03,1.39
22.157,0.98,0.08,1.07,1.45
22.167,1.02,0.12,1.18,1.57
22.177,1.15,0.32,1.31,1.77
22.187,1.27,0.71,1.37,2.00
22.198,1.31,1.26,1.33,2.25
22.208,1.35,1.93,1.07,2.59
22.218,1.54,2.51,0.76,3.04
22.228,1.80,2.86,0.59,3.44
22.238,1.88,3.17,0.34,3.70
22.248,1.42,3.73,0.01,3.99
22.258,0.61,4.44,-0.00,4.48
22.268,0.15,4.84,0.24,4.85
22.278,-0.00,4.89,0.51,4.92
22.288,-0.10,4.68,0.65,4.72
22.298,-0.01,4.05,0.30,4.06
22.308,-0.02,3.24,-0.66,3.31
22.318,-0.32,2.48,-1.54,2.94
22.328,-0.65,1.71,-2.07,2.76
22.338,-0.81,0.95,-2.54,2.83
22.348,-1.03,0.36,-2.89,3.09
22.358,-1.31,-0.09,-2.71,3.02
22.369,-1.51,-0.33,-2.28,2.76
22.379,-1.60,-0.19,-1.93,2.51
22.389,-1.65,0.26,-1.65,2.35
22.399,-1.63,0.87,-1.51,2.39
22.409,-1.63,1.34,-1.48,2.58
22.419,-1.59,1.46,-1.19,2.46
22.429,-1.54,1.15,-0.66,2.03
22.439,-1.32,0.48,-0.30,1.43
22.449,-0.96,-0.41,0.04,1.05
22.459,-0.97,-1.07,0.20,1.46
22.469,-0.77,-1.43,0.14,1.63
22.479,-0.36,-1.35,-0.09,1.40
22.489,0.14,-0.98,-0.29,1.03
22.499,0.40,-0.83,-0.43,1.02
22.510,0.35,-1.10,-0.44,1.24
22.519,0.17,-1.57,-0.52,1.66
22.529,0.05,-1.93,-0.57,2.01
22.539,0.04,-2.15,-0.55,2.22
22.550,-0.17,-2.32,-0.61,2.40
22.560,-0.46,-2.44,-0.57,2.55
22.570,-0.69,-2.47,-0.58,2.63
22.580,-0.86,-2.58,-0.60,2.78
22.590,-0.94,-2.73,-0.50,2.93
22.600,-0.82,-2.74,-0.36,2.88
22.610,-0.64,-2.60,-0.35,2.70
22.620,-0.46,-2.28,-0.31,2.35
22.630,-0.29,-1.89,-0.28,1.93
22.640,-0.15,-1.56,-0.23,1.58
22.650,0.05,-1.32,-0.07,1.32
22.660,0.22,-1.27,0.18,1.30
22.670,0.14,-1.28,0.43,1.36
22.680,-0.05,-1.29,0.69,1.46
22.690,-0.04,-1.35,0.78,1.56
22.700,0.04,-1.39,0.66,1.53
22.710,0.17,-1.39,0.61,1.52
22.721,0.37,-1.36,0.49,1.49
22.731,0.54,-1.29,0.40,1.46
22.741,0.60,-1.09,0.33,1.28
22.751,0.55,-0.80,0.31,1.02
22.761,0.40,-0.50,0.32,0.72
22.771,0.17,-0.25,0.43,0.53
22.781,-0.03,-0.02,0.65,0.65
22.791,-0.13,0.18,0.75,0.78
22.801,-0.16,0.20,0.85,0.89
22.811,-0.11,0.05,0.91,0.92
22.821,0.00,-0.08,0.82,0.82
22.831,0.15,-0.18,0.91,0.94
22.841,0.31,-0.28,1.09,1.17
22.851,0.37,-0.26,1.15,1.24
22.861,0.41,-0.17,1.11,1.20
22.871,0.43,-0.09,1.17,1.25
22.881,0.51,-0.08,1.33,1.43
22.891,0.67,-0.12,1.48,1.63
22.901,0.86,-0.12,1.66,1.87
22.912,0.98,0.03,1.65,1.92
22.922,0.99,0.29,1.51,1.83
22.932,0.88,0.50,1.33,1.67
22.942,0.73,0.46,1.39,1.63
22.952,0.53,0.47,1.29,1.47
22.962,0.19,1.04,0.77,1.31
22.972,-0.26,2.14,0.63,2.25
22.982,-0.82,3.20,0.81,3.40
22.992,-1.37,3.63,1.15,4.04
23.002,-1.57,3.81,1.59,4.41
23.012,-1.59,4.15,1.19,4.60
23.022,-1.47,4.30,0.61,4.58
23.032,-0.95,4.14,0.67,4.30
23.042,-0.76,3.69,0.55,3.80
23.052,-1.04,2.99,0.09,3.16
23.063,-1.13,2.19,-0.27,2.48
23.072,-0.66,1.38,-0.33,1.56
23.083,-0.10,0.73,-0.40,0.84
23.093,0.10,0.37,-0.55,0.67
23.103,0.10,0.16,-0.82,0.84
23.113,0.11,0.07,-1.00,1.01
23.123,0.09,0.04,-1.12,1.12
23.133,-0.01,-0.05,-1.28,1.28
23.143,-0.12,-0.24,-1.40,1.42
23.153,-0.35,-0.44,-1.53,1.63
23.163,-0.65,-0.51,-1.51,1.72
23.173,-0.86,-0.44,-1.39,1.69
23.183,-0.98,-0.39,-1.25,1.64
23.193,-0.97,-0.53,-1.12,1.57
23.203,-0.85,-0.81,-0.89,1.47
23.213,-0.61,-1.11,-0.74,1.47
23.223,-0.31,-1.35,-0.66,1.54
23.234,-0.02,-1.50,-0.70,1.66
23.244,0.21,-1.63,-0.78,1.82
23.254,0.36,-1.72,-0.83,1.95
23.264,0.39,-1.85,-0.86,2.08
23.274,0.35,-2.04,-0.77,2.21
23.284,0.31,-2.20,-0.73,2.34
23.294,0.15,-2.26,-0.64,2.35
23.304,0.04,-2.27,-0.50,2.33
23.314,0.13,-2.40,-0.49,2.46
23.324,0.20,-2.50,-0.47,2.55
23.334,0.27,-2.59,-0.41,2.64
23.344,0.41,-2.53,-0.37,2.58
23.354,0.55,-2.34,-0.42,2.44
23.364,0.70,-2.10,-0.47,2.27
23.374,0.67,-1.72,-0.59,1.94
23.384,0.55,-1.39,-0.73,1.66
23.394,0.42,-1.07,-0.68,1.33
23.404,0.32,-0.86,-0.61,1.11
23.415,0.20,-0.70,-0.47,0.87
23.425,0.06,-0.51,-0.37,0.64
23.437,0.04,-0.37,-0.28,0.47
23.445,0.18,-0.31,-0.17,0.40
23.455,0.43,-0.20,-0.06,0.47
23.465,0.67,-0.08,-0.10,0.69
23.475,0.86,-0.07,-0.08,0.87
23.485,0.89,-0.15,0.04,0.90
23.495,0.80,-0.25,0.25,0.87
23.505,0.74,-0.32,0.41,0.90
23.515,0.72,-0.35,0.50,0.94
23.525,0.67,-0.36,0.52,0.93
23.535,0.67,-0.39,0.53,0.94
23.545,0.63,-0.31,0.47,0.85
23.555,0.50,-0.11,0.46,0.69
23.565,0.27,-0.03,0.46,0.53
23.575,0.16,-0.18,0.42,0.48
23.586,0.06,-0.32,0.31,0.45
23.596,0.11,-0.42,0.27,0.51
23.606,0.27,-0.32,0.29,0.51
23.616,0.38,-0.07,0.36,0.53
23.626,0.39,0.08,0.64,0.75
23.636,0.44,0.05,1.06,1.15
23.646,0.53,-0.02,1.26,1.36
23.656,0.62,0.02,1.19,1.34
23.666,0.67,0.25,0.96,1.20
23.676,0.69,0.67,0.75,1.22
23.686,0.68,1.08,0.59,1.41
23.696,0.67,1.37,0.54,1.62
23.706,0.73,1.55,0.73,1.86
23.716,0.83,1.73,1.12,2.22
23.726,1.03,2.08,1.38,2.70
23.736,1.44,2.45,1.35,3.15
23.746,1.95,2.72,1.08,3.52
23.756,2.29,3.14,0.60,3.93
23.767,2.17,3.85,0.06,4.42
23.777,1.53,4.60,-0.06,4.85
23.787,0.85,4.87,0.08,4.94
23.797,0.35,4.60,0.06,4.61
23.807,-0.06,4.18,-0.10,4.18
23.817,-0.41,3.79,-0.74,3.88
23.827,-0.88,3.21,-1.53,3.66
23.837,-1.46,2.33,-2.08,3.45
23.847,-1.93,1.32,-2.30,3.28
23.857,-2.09,0.44,-2.36,3.18
23.867,-1.93,-0.19,-2.14,2.89
23.877,-1.58,-0.55,-1.83,2.48
23.887,-1.12,-0.53,-1.49,1.94
23.897,-0.50,-0.16,-1.38,1.48
23.907,-0.03,0.24,-1.62,1.64
23.917,-0.09,0.50,-1.60,1.68
23.927,-0.42,0.61,-1.02,1.26
23.937,-0.80,0.28,-0.40,0.94
23.948,-1.16,-0.52,-0.00,1.27
23.958,-1.49,-1.01,0.17,1.81
23.968,-1.32,-0.87,-0.04,1.58
23.978,-0.57,-0.24,-0.17,0.64
23.988,-0.09,0.14,-0.22,0.28
23.998,-0.14,-0.27,-0.32,0.44
24.008,-0.39,-0.95,-0.33,1.08
24.018,-0.66,-1.52,-0.38,1.70
24.028,-0.65,-1.86,-0.53,2.04
24.038,-0.56,-2.15,-0.65,2.31
24.048,-0.61,-2.38,-0.67,2.55
24.058,-0.62,-2.49,-0.58,2.63
24.068,-0.71,-2.61,-0.50,2.75
24.078,-0.63,-2.79,-0.47,2.89
24.088,-0.45,-2.87,-0.39,2.93
24.098,-0.27,-2.73,-0.38,2.77
24.109,-0.19,-2.47,-0.34,2.50
24.118,-0.12,-2.20,-0.21,2.21
24.129,-0.13,-1.93,-0.17,1.94
24.139,-0.22,-1.62,-0.10,1.64
24.149,-0.37,-1.37,0.08,1.43
24.159,-0.49,-1.23,0.34,1.37
24.169,-0.53,-1.14,0.58,1.38
24.179,-0.61,-1.11,0.68,1.44
24.189,-0.65,-1.14,0.73,1.50
24.199,-0.61,-1.09,0.75,1.46
24.211,-0.42,-1.09,0.74,1.38
24.219,-0.06,-1.14,0.61,1.30
24.229,0.34,-1.17,0.44,1.30
24.239,0.70,-1.17,0.29,1.39
24.249,0.77,-1.13,0.41,1.43
24.259,0.76,-1.03,0.57,1.40
24.269,0.74,-0.79,0.64,1.25
24.279,0.61,-0.46,0.65,1.00
24.289,0.51,-0.20,0.62,0.83
24.300,0.49,-0.15,0.71,0.87
24.310,0.52,-0.19,0.93,1.09
24.320,0.59,-0.24,1.18,1.34
24.330,0.67,-0.14,1.36,1.52
24.340,0.73,0.03,1.34,1.52
24.350,0.83,0.23,1.19,1.47
24.360,0.87,0.40,1.17,1.51
24.370,0.88,0.49,1.30,1.64
24.380,1.04,0.54,1.48,1.89
24.390,1.24,0.64,1.62,2.14
24.400,1.41,0.85,1.64,2.32
24.410,1.44,1.20,1.39,2.33
24.420,1.20,1.34,1.35,2.25
24.430,1.02,1.37,1.58,2.33
24.440,0.89,2.04,1.34,2.60
24.451,0.40,3.41,0.96,3.56
24.460,-0.31,4.77,1.06,4.89
24.471,-0.70,5.50,1.27,5.69
24.481,-1.28,5.41,1.08,5.66
24.491,-2.15,4.54,0.79,5.09
24.501,-2.36,3.57,0.43,4.30
24.511,-1.80,2.61,0.39,3.19
24.521,-0.99,1.79,0.46,2.10
24.531,-0.21,1.07,0.37,1.15
24.541,0.30,0.56,0.07,0.63
24.551,0.47,0.33,-0.31,0.65
24.561,0.25,0.15,-0.71,0.77
24.571,-0.06,0.08,-1.01,1.02
24.581,-0.33,0.05,-1.11,1.15
24.591,-0.60,-0.01,-1.08,1.24
24.601,-0.86,-0.11,-1.04,1.35
24.611,-1.05,-0.17,-0.98,1.45
24.621,-1.12,-0.18,-0.98,1.50
24.631,-1.11,-0.21,-1.07,1.56
24.642,-1.13,-0.28,-1.08,1.59
24.651,-1.08,-0.49,-0.99,1.54
24.662,-0.95,-0.80,-0.97,1.58
24.672,-0.82,-1.19,-0.97,1.74
24.682,-0.73,-1.61,-0.94,2.00
24.692,-0.72,-2.00,-0.83,2.29
24.702,-0.74,-2.30,-0.72,2.52
24.712,-0.62,-2.53,-0.71,2.70
24.722,-0.51,-2.60,-0.73,2.75
24.732,-0.33,-2.57,-0.80,2.71
24.742,-0.19,-2.75,-0.80,2.87
24.752,-0.20,-2.99,-0.61,3.06
24.762,-0.18,-3.10,-0.48,3.14
24.772,-0.07,-3.12,-0.42,3.15
24.782,0.07,-3.14,-0.43,3.17
24.793,0.28,-3.01,-0.40,3.05
24.802,0.50,-2.75,-0.35,2.82
24.812,0.72,-2.41,-0.35,2.54
24.822,0.73,-2.07,-0.52,2.26
24.833,0.73,-1.62,-0.64,1.89
24.843,0.73,-1.11,-0.59,1.45
24.853,0.71,-0.62,-0.62,1.13
24.863,0.71,-0.26,-0.68,1.02
24.873,0.67,-0.12,-0.51,0.85
24.883,0.61,-0.07,-0.31,0.69
24.893,0.60,-0.05,0.06,0.61
24.903,0.65,-0.01,0.14,0.66
24.913,0.76,0.02,0.06,0.77
24.923,0.83,0.04,-0.08,0.83
24.933,0.80,0.02,-0.14,0.81
24.943,0.66,-0.10,-0.15,0.68
24.953,0.43,-0.18,-0.06,0.47
24.963,0.23,-0.16,0.23,0.36
24.973,0.06,-0.05,0.57,0.57
24.984,0.05,0.02,0.84,0.85
24.993,0.05,0.05,0.79,0.79
25.004,0.02,-0.03,0.69,0.69
25.014,0.03,-0.21,0.76,0.79
25.024,0.18,-0.33,0.74,0.83
25.034,0.34,-0.31,0.87,0.98
25.044,0.57,-0.27,1.00,1.18
25.054,0.82,-0.17,0.96,1.28
25.064,1.07,-0.13,0.91,1.41
25.074,1.18,-0.16,0.75,1.40
25.084,1.20,-0.22,0.62,1.37
25.094,1.21,-0.29,0.65,1.41
25.104,1.22,-0.24,0.81,1.48
25.114,1.30,-0.03,0.96,1.62
25.124,1.26,0.24,1.06,1.66
25.135,1.07,0.53,1.14,1.65
25.144,0.84,0.81,1.26,1.72
25.154,0.55,1.14,1.40,1.89
25.165,0.26,1.56,1.55,2.21
25.175,0.14,2.04,1.62,2.61
25.185,0.15,2.49,1.39,2.86
25.195,0.28,2.61,0.85,2.76
25.205,0.64,2.43,0.48,2.56
25.215,1.23,2.60,0.37,2.90
25.225,0.95,3.18,0.43,3.35
25.235,-0.11,3.50,0.27,3.51
25.245,-0.76,3.45,-0.15,3.54
25.255,-0.75,3.40,-0.75,3.56
25.265,-0.73,3.34,-1.35,3.67
25.275,-0.65,3.25,-2.06,3.90
25.285,-0.46,2.85,-2.54,3.84
25.295,-0.59,2.12,-2.77,3.54
25.305,-0.76,1.59,-3.01,3.49
25.315,-0.76,1.28,-3.00,3.35
25.325,-0.73,1.21,-2.71,3.06
25.336,-0.69,1.20,-2.19,2.60
25.346,-0.48,1.20,-1.65,2.10
25.356,-0.22,1.23,-1.34,1.83
25.366,-0.11,1.18,-1.09,1.61
25.376,-0.10,1.07,-0.90,1.40
25.387,-0.17,0.83,-0.62,1.05
25.396,-0.18,0.24,-0.22,0.37
25.406,-0.07,-0.41,0.04,0.41
25.416,0.10,-1.08,-0.11,1.09
25.426,0.22,-1.57,-0.39,1.63
25.436,0.23,-1.40,-0.54,1.52
25.446,0.11,-1.27,-0.68,1.45
25.456,-0.04,-1.57,-0.76,1.74
25.466,-0.48,-1.96,-0.69,2.14
25.476,-0.67,-2.29,-0.56,2.45
25.486,-0.59,-2.46,-0.65,2.61
25.496,-0.63,-2.56,-0.80,2.75
25.506,-0.76,-2.63,-0.83,2.86
25.516,-0.94,-2.70,-0.71,2.94
25.527,-1.14,-2.79,-0.52,3.06
25.537,-1.07,-2.83,-0.42,3.06
25.547,-0.88,-2.81,-0.36,2.96
25.557,-0.66,-2.59,-0.23,2.68
25.567,-0.40,-2.27,-0.12,2.31
25.577,-0.22,-1.97,-0.09,1.98
25.587,-0.04,-1.78,-0.18,1.79
25.597,-0.03,-1.60,-0.30,1.63
25.607,-0.13,-1.44,-0.23,1.46
25.617,-0.09,-1.32,0.02,1.33
25.627,-0.15,-1.24,0.19,1.26
25.637,-0.20,-1.03,0.27,1.08
25.647,-0.26,-0.83,0.26,0.91
25.657,-0.40,-0.65,0.20,0.79
25.667,-0.49,-0.53,0.16,0.74
25.677,-0.42,-0.42,0.04,0.60
25.688,-0.26,-0.39,-0.07,0.47
25.698,-0.18,-0.38,-0.01,0.42
25.708,-0.18,-0.40,0.11,0.45
25.718,-0.12,-0.44,0.21,0.50
25.728,0.01,-0.44,0.25,0.50
25.738,0.11,-0.43,0.30,0.54
25.748,0.21,-0.55,0.34,0.68
25.758,0.21,-0.78,0.38,0.89
25.768,0.18,-0.97,0.38,1.06
25.778,0.16,-1.05,0.37,1.13
25.788,0.16,-1.08,0.53,1.21
25.798,0.18,-1.07,0.75,1.32
25.808,0.31,-0.99,0.88,1.36
25.818,0.42,-0.79,0.86,1.24
25.828,0.52,-0.54,0.82,1.11
25.838,0.65,-0.32,0.93,1.18
25.849,0.83,-0.09,0.98,1.29
25.859,1.01,0.09,0.94,1.38
25.869,1.13,0.10,0.94,1.48
25.879,1.24,0.02,0.86,1.51
25.889,1.33,-0.04,0.80,1.55
25.899,1.25,0.06,0.94,1.57
25.909,1.08,0.31,1.25,1.68
25.919,0.90,0.52,1.45,1.79
25.929,0.78,0.60,1.27,1.61
25.939,0.63,0.31,1.29,1.47
25.949,0.72,0.02,1.74,1.88
25.959,1.05,0.71,1.41,1.90
25.969,1.29,2.35,0.88,2.83
25.979,1.11,4.03,0.49,4.21
25.989,0.55,4.71,0.21,4.74
25.999,0.06,4.48,0.74,4.54
26.009,-0.43,4.11,1.23,4.31
26.019,-0.77,4.14,1.45,4.45
26.029,-0.80,4.26,1.28,4.52
26.039,-0.70,4.20,1.09,4.40
26.050,-0.92,3.61,0.65,3.78
26.060,-1.17,2.67,0.27,2.93
26.070,-1.27,2.01,-0.13,2.38
26.080,-1.16,1.58,-0.26,1.97
26.090,-0.84,1.22,-0.26,1.50
26.100,-0.54,0.92,-0.32,1.11
26.110,-0.44,0.67,-0.59,0.99
26.120,-0.47,0.47,-0.81,1.04
26.130,-0.44,0.19,-0.88,1.00
26.140,-0.47,-0.15,-0.98,1.09
26.150,-0.59,-0.44,-1.16,1.37
26.160,-0.77,-0.54,-1.29,1.60
26.170,-0.96,-0.43,-1.24,1.63
26.180,-1.05,-0.28,-1.04,1.51
26.190,-1.02,-0.15,-0.83,1.32
26.201,-0.79,-0.20,-0.71,1.08
26.211,-0.40,-0.41,-0.69,0.90
26.222,-0.00,-0.71,-0.72,1.01
26.231,0.19,-1.10,-0.77,1.36
26.241,0.22,-1.57,-0.74,1.75
26.251,0.21,-1.98,-0.64,2.10
26.261,0.18,-2.28,-0.57,2.35
26.271,0.15,-2.43,-0.57,2.50
26.281,0.08,-2.52,-0.55,2.58
26.291,0.07,-2.58,-0.55,2.64
26.301,0.15,-2.67,-0.58,2.74
26.311,0.34,-2.82,-0.62,2.91
26.321,0.48,-2.77,-0.64,2.88
26.331,0.55,-2.75,-0.64,2.87
26.341,0.65,-2.83,-0.60,2.97
26.351,0.59,-2.63,-0.52,2.75
26.361,0.48,-2.33,-0.35,2.41
26.371,0.41,-2.01,-0.34,2.08
26.381,0.38,-1.68,-0.33,1.76
26.392,0.27,-1.43,-0.08,1.45
26.402,0.21,-1.37,-0.07,1.38
26.412,0.17,-1.23,-0.08,1.25
26.422,0.23,-0.89,-0.15,0.93
26.432,0.41,-0.48,-0.26,0.68
26.442,0.45,-0.29,-0.27,0.59
26.452,0.43,-0.33,-0.14,0.56
26.462,0.47,-0.51,-0.04,0.69
26.472,0.49,-0.58,0.11,0.77
26.482,0.59,-0.47,0.21,0.78
26.492,0.69,-0.17,0.33,0.78
26.502,0.74,-0.08,0.34,0.82
26.512,0.67,-0.05,0.34,0.75
26.522,0.53,-0.03,0.37,0.65
26.532,0.38,0.03,0.42,0.57
26.542,0.34,0.22,0.45,0.60
26.553,0.32,0.31,0.40,0.60
26.563,0.36,0.26,0.30,0.54
26.573,0.43,0.19,0.23,0.53
26.583,0.55,0.13,0.30,0.65
26.593,0.58,0.05,0.49,0.76
26.603,0.54,-0.09,0.58,0.80
26.613,0.43,-0.20,0.61,0.78
26.623,0.33,-0.11,0.63,0.72
26.633,0.39,0.17,0.72,0.84
26.643,0.50,0.42,0.82,1.04
26.653,0.57,0.58,0.90,1.21
26.663,0.58,0.62,0.94,1.27
26.673,0.60,0.66,1.01,1.35
26.683,0.61,0.79,1.09,1.48
26.693,0.68,1.12,1.11,1.72
26.703,0.79,1.70,1.19,2.22
26.713,0.84,2.35,1.30,2.82
26.723,1.01,2.87,1.04,3.21
26.734,1.38,3.01,0.65,3.37
26.744,1.72,3.05,0.68,3.57
26.755,1.65,3.49,0.85,3.95
26.764,1.03,3.66,0.70,3.87
26.774,0.33,3.43,0.30,3.46
26.784,0.11,3.44,-0.35,3.46
26.794,-0.03,3.45,-0.99,3.59
26.804,-0.59,3.04,-1.69,3.53
26.814,-1.16,2.29,-2.21,3.38
26.824,-1.54,1.39,-2.29,3.09
26.834,-1.70,0.88,-2.10,2.84
26.844,-1.56,0.84,-1.86,2.57
26.854,-1.38,1.04,-1.92,2.58
26.864,-1.16,1.38,-2.17,2.82
26.874,-1.04,1.59,-2.13,2.86
26.884,-1.11,1.62,-1.81,2.68
26.894,-1.12,1.50,-1.30,2.28
26.905,-1.02,1.15,-0.69,1.68
26.915,-0.92,0.55,-0.35,1.12
26.925,-0.64,-0.12,-0.15,0.67
26.935,-0.23,-0.92,-0.06,0.95
26.945,-0.03,-1.58,-0.18,1.59
26.955,-0.17,-1.58,-0.35,1.63
26.965,-0.00,-1.31,-0.41,1.38
26.975,0.17,-0.93,-0.45,1.04
26.985,0.36,-0.58,-0.56,0.88
26.995,0.44,-0.84,-0.73,1.20
27.005,0.04,-1.41,-0.78,1.61
27.015,-0.38,-1.82,-0.75,2.00
27.025,-0.62,-2.13,-0.75,2.34
27.035,-0.73,-2.31,-0.78,2.54
27.045,-0.91,-2.32,-0.73,2.60
27.055,-0.85,-2.42,-0.67,2.65
27.066,-0.73,-2.59,-0.62,2.76
27.075,-0.72,-2.77,-0.63,2.93
27.086,-0.59,-2.83,-0.53,2.94
27.096,-0.35,-2.85,-0.41,2.90
27.106,-0.34,-2.56,-0.36,2.60
27.116,-0.33,-2.33,-0.31,2.37
27.126,-0.28,-2.26,-0.18,2.28
27.136,-0.23,-2.19,0.01,2.21
27.146,-0.16,-2.10,0.29,2.13
27.156,-0.25,-1.97,0.56,2.07
27.166,-0.35,-1.85,0.70,2.01
27.176,-0.36,-1.64,0.69,1.82
27.186,-0.30,-1.34,0.63,1.51
27.196,-0.20,-1.03,0.64,1.23
27.206,-0.07,-0.77,0.55,0.95
27.216,-0.01,-0.49,0.39,0.63
27.226,0.07,-0.19,0.31,0.37
27.236,0.16,-0.07,0.37,0.41
27.246,0.13,-0.03,0.54,0.56
27.256,0.11,0.05,0.63,0.64
27.267,0.10,0.04,0.66,0.67
27.277,0.06,-0.10,0.67,0.68
27.287,0.00,-0.29,0.63,0.69
27.297,-0.04,-0.49,0.59,0.77
27.307,0.03,-0.63,0.73,0.97
27.317,0.22,-0.73,1.01,1.27
27.327,0.44,-0.67,1.25,1.49
27.337,0.70,-0.59,1.08,1.41
27.347,0.83,-0.61,0.73,1.26
27.357,0.72,-0.79,0.57,1.21
27.367,0.51,-0.91,0.75,1.29
27.377,0.37,-0.90,0.92,1.34
27.387,0.41,-0.74,0.95,1.27
27.397,0.55,-0.44,0.99,1.22
27.407,0.71,-0.05,1.15,1.35
27.418,0.79,0.35,1.32,1.58
27.427,0.89,0.65,1.48,1.84
27.437,1.03,0.85,1.58,2.07
27.448,1.18,0.98,1.45,2.11
27.458,1.12,0.95,0.90,1.72
27.468,0.78,0.42,0.82,1.21
27.478,0.50,0.13,0.72,0.89
27.488,0.43,0.78,0.51,1.03
27.498,0.14,2.17,0.77,2.30
27.508,-0.37,3.28,1.09,3.47
27.518,-0.55,4.10,1.33,4.35
27.528,-0.58,4.83,1.43,5.07
27.538,-0.85,4.85,1.58,5.17
27.548,-0.90,4.49,1.57,4.84
27.558,-0.58,4.13,1.22,4.35
27.568,-0.28,3.76,0.60,3.81
27.578,-0.33,3.12,0.19,3.14
27.589,-0.46,2.42,-0.28,2.48
27.599,-0.50,1.96,-0.61,2.11
27.608,-0.49,1.48,-0.76,1.74
27.619,-0.43,0.91,-0.88,1.33
27.629,-0.35,0.36,-1.12,1.23
27.639,-0.47,-0.09,-1.47,1.54
27.649,-0.72,-0.45,-1.69,1.89
27.659,-0.96,-0.77,-1.67,2.07
27.669,-1.28,-1.00,-1.60,2.28
27.679,-1.52,-0.97,-1.67,2.45
27.689,-1.68,-0.72,-1.54,2.39
27.699,-1.65,-0.35,-1.33,2.15
27.709,-1.38,0.01,-1.19,1.82
27.719,-0.92,0.18,-1.19,1.52
27.729,-0.47,0.12,-1.33,1.41
27.739,-0.14,-0.06,-1.41,1.42
27.749,0.12,-0.34,-1.41,1.45
27.759,0.28,-0.74,-1.34,1.56
27.769,0.40,-1.22,-1.23,1.78
27.779,0.33,-1.62,-1.07,1.97
27.790,0.20,-1.86,-0.94,2.09
27.800,-0.03,-1.98,-0.90,2.17
27.810,-0.26,-1.99,-0.99,2.24
27.820,-0.37,-2.00,-1.05,2.29
27.830,-0.41,-2.03,-1.08,2.33
27.840,-0.33,-2.04,-1.07,2.32
27.850,-0.13,-2.03,-0.98,2.26
27.860,0.04,-1.95,-0.90,2.14
27.870,0.04,-1.81,-0.88,2.02
27.880,0.06,-1.91,-0.88,2.10
27.890,0.01,-1.96,-0.84,2.13
27.900,0.09,-1.89,-0.78,2.04
27.910,0.12,-1.60,-0.72,1.76
27.920,0.14,-1.24,-0.64,1.40
27.931,0.25,-0.96,-0.57,1.14
27.941,0.36,-0.88,-0.47,1.06
27.951,0.40,-0.86,-0.42,1.04
27.960,0.36,-0.84,-0.37,0.99
27.971,0.34,-0.79,-0.23,0.89
27.981,0.45,-0.70,-0.13,0.84
27.991,0.68,-0.64,-0.03,0.93
28.001,0.86,-0.61,0.00,1.05
28.011,0.92,-0.53,-0.07,1.06
28.021,0.87,-0.31,-0.21,0.95
28.031,0.69,-0.10,-0.31,0.76
28.041,0.36,-0.05,-0.26,0.45
28.051,0.12,-0.13,-0.24,0.30
28.061,0.02,-0.18,-0.29,0.35
28.071,-0.03,-0.20,-0.36,0.42
28.081,-0.10,-0.22,-0.35,0.43
28.091,-0.16,-0.30,-0.29,0.45
28.101,-0.23,-0.43,-0.24,0.54
28.111,-0.18,-0.48,-0.26,0.57
28.122,-0.06,-0.46,-0.25,0.52
28.131,0.07,-0.31,-0.23,0.39
28.142,0.10,-0.18,-0.28,0.35
28.152,0.12,-0.14,-0.23,0.30
28.162,0.08,-0.08,-0.16,0.20
28.172,0.03,0.06,-0.14,0.15
28.182,0.05,0.20,-0.05,0.21
28.192,0.08,0.20,-0.01,0.22
28.202,0.10,0.10,-0.03,0.14
28.212,0.07,-0.06,0.02,0.09
28.222,0.09,-0.16,0.05,0.20
28.232,0.22,-0.18,0.07,0.29
28.242,0.38,-0.12,0.02,0.40
28.252,0.58,-0.00,-0.01,0.58
28.262,0.76,0.08,0.02,0.76
28.272,0.95,0.13,0.05,0.96
28.282,1.09,0.10,0.15,1.11
28.292,1.08,0.03,0.25,1.11
28.302,0.98,-0.07,0.17,1.00
28.312,0.92,-0.18,0.12,0.95
28.323,0.85,-0.20,0.18,0.89
28.333,0.79,-0.09,0.25,0.83
28.343,0.76,0.04,0.33,0.83
28.353,0.78,0.16,0.39,0.89
28.363,0.72,0.21,0.49,0.89
28.373,0.60,0.27,0.33,0.73
28.383,0.55,0.30,0.20,0.66
28.393,0.55,0.21,0.08,0.59
28.403,0.46,0.12,-0.21,0.52
28.413,0.21,0.09,-0.49,0.54
28.423,-0.04,0.22,-0.57,0.61
28.433,-0.21,0.53,-0.51,0.76
28.443,-0.48,0.81,-0.41,1.03
28.453,-0.94,0.93,-0.29,1.35
28.463,-1.48,0.78,-0.41,1.72
28.473,-2.00,0.33,-0.66,2.13
28.484,-2.19,-0.23,-0.89,2.37
28.494,-1.98,-0.74,-0.82,2.27
28.504,-1.56,-1.10,-0.64,2.01
28.514,-1.11,-1.31,-0.37,1.75
28.524,-0.59,-1.25,-0.12,1.38
28.534,0.13,-0.90,-0.10,0.91
28.544,0.78,-0.52,-0.23,0.96
28.554,1.18,-0.23,-0.22,1.23
28.564,1.45,0.08,-0.12,1.45
28.574,1.63,0.40,-0.02,1.68
28.584,1.55,0.73,0.12,1.72
28.594,1.25,1.04,0.34,1.66
28.604,0.74,1.19,0.45,1.47
28.614,-0.02,1.15,0.27,1.18
28.624,-0.65,1.19,0.19,1.37
28.634,-1.04,1.21,0.23,1.61
28.645,-1.30,1.05,0.17,1.67
28.655,-1.45,0.78,-0.00,1.65
28.665,-1.47,0.54,-0.15,1.57
28.675,-1.30,0.26,-0.16,1.34
28.685,-1.08,0.00,-0.05,1.08
28.695,-0.97,-0.21,-0.07,1.00
28.705,-0.84,-0.40,-0.11,0.94
28.715,-0.74,-0.55,-0.16,0.93
28.725,-0.60,-0.63,-0.21,0.89
28.735,-0.43,-0.60,-0.14,0.75
28.745,-0.30,-0.52,-0.11,0.61
28.755,-0.24,-0.39,-0.10,0.47
28.765,-0.21,-0.24,-0.06,0.33
28.775,-0.19,-0.06,0.01,0.20
28.785,-0.27,-0.01,0.08,0.28
28.795,-0.37,-0.03,0.12,0.39
28.805,-0.40,-0.09,0.15,0.43
28.815,-0.35,-0.16,0.24,0.45
28.826,-0.26,-0.22,0.27,0.44
28.836,-0.16,-0.26,0.25,0.40
28.846,-0.03,-0.32,0.23,0.39
28.856,-0.02,-0.27,0.09,0.28
28.866,-0.07,-0.19,0.02,0.20
28.876,-0.13,-0.16,0.06,0.21
28.886,-0.20,-0.16,0.13,0.28
28.896,-0.21,-0.13,0.14,0.29
28.906,-0.19,-0.07,0.08,0.22
28.916,-0.14,-0.07,-0.05,0.17
28.926,-0.15,-0.09,-0.18,0.25
28.936,-0.27,-0.07,-0.27,0.39
28.946,-0.36,0.03,-0.24,0.44
28.956,-0.45,0.04,-0.11,0.47
28.966,-0.45,0.02,0.03,0.45
28.976,-0.45,-0.09,0.05,0.46
28.986,-0.45,-0.19,0.03,0.48
28.996,-0.48,-0.26,0.04,0.54
29.007,-0.51,-0.26,0.04,0.57
29.017,-0.54,-0.22,0.07,0.58
29.027,-0.54,-0.11,0.12,0.56
29.037,-0.51,-0.01,0.21,0.55
29.047,-0.39,0.02,0.24,0.46
29.057,-0.28,-0.02,0.20,0.34
29.067,-0.19,-0.10,0.23,0.32
29.077,-0.12,-0.15,0.32,0.37
29.087,-0.04,-0.18,0.31,0.36
29.097,-0.01,-0.19,0.20,0.28
29.107,0.04,-0.23,0.10,0.25
29.117,0.02,-0.29,0.06,0.30
29.127,-0.01,-0.37,0.03,0.37
29.137,-0.03,-0.38,0.09,0.40
29.147,0.01,-0.35,0.23,0.42
29.157,0.04,-0.39,0.33,0.51
29.168,0.14,-0.56,0.40,0.70
29.178,0.23,-0.54,0.32,0.66
29.188,0.18,-0.66,0.18,0.71
29.198,0.21,-0.56,0.12,0.61
29.208,0.07,-0.47,0.12,0.49
29.218,0.01,-0.37,0.14,0.39
29.228,-0.07,-0.31,0.16,0.35
29.239,-0.08,-0.25,0.14,0.30
29.248,-0.13,-0.17,0.10,0.24
29.258,-0.18,-0.13,0.09,0.24
29.268,-0.14,-0.06,0.14,0.21
29.278,-0.16,-0.03,0.16,0.23
29.288,-0.17,0.01,0.11,0.20
29.298,-0.19,0.03,0.13,0.23
29.308,-0.23,0.04,0.22,0.32
29.318,-0.22,0.02,0.35,0.41
29.328,-0.17,0.33,0.38,0.53
29.339,-0.29,0.48,0.60,0.82
29.349,-0.14,0.65,0.33,0.74
29.359,-0.07,0.84,0.06,0.85
29.369,-0.02,0.96,-0.16,0.97
29.379,-0.04,0.89,-0.30,0.94
29.389,-0.29,0.61,-0.26,0.72
29.399,-0.45,0.28,-0.01,0.53
29.409,-0.44,0.21,0.29,0.57
